Name,marked_point
p_picks_Exp_T007_Run7_EventID_10_trace1,[17311]
p_picks_Exp_T007_Run7_EventID_10_trace2,[17135]
p_picks_Exp_T007_Run7_EventID_10_trace3,[16844]
p_picks_Exp_T007_Run7_EventID_10_trace4,[16777]
p_picks_Exp_T007_Run7_EventID_10_trace5,[16985]
p_picks_Exp_T007_Run7_EventID_11_trace1,[12120]
p_picks_Exp_T007_Run7_EventID_11_trace2,[12147]
p_picks_Exp_T007_Run7_EventID_11_trace3,[11852]
p_picks_Exp_T007_Run7_EventID_11_trace4,[11808]
p_picks_Exp_T007_Run7_EventID_11_trace5,[11183]
p_picks_Exp_T007_Run7_EventID_11_trace6,[9973]
p_picks_Exp_T007_Run7_EventID_11_trace7,[11026]
p_picks_Exp_T007_Run7_EventID_11_trace8,[10458]
p_picks_Exp_T007_Run7_EventID_12_trace1,[10282]
p_picks_Exp_T007_Run7_EventID_12_trace2,[9822]
p_picks_Exp_T007_Run7_EventID_12_trace3,[10109]
p_picks_Exp_T007_Run7_EventID_12_trace4,[10147]
p_picks_Exp_T007_Run7_EventID_12_trace5,[9394]
p_picks_Exp_T007_Run7_EventID_12_trace6,[9354]
p_picks_Exp_T007_Run7_EventID_12_trace7,[9713]
p_picks_Exp_T007_Run7_EventID_12_trace8,[9239]
p_picks_Exp_T007_Run7_EventID_12_trace9,[-1]
p_picks_Exp_T007_Run7_EventID_13_trace1,[13947]
p_picks_Exp_T007_Run7_EventID_13_trace2,[13611]
p_picks_Exp_T007_Run7_EventID_13_trace3,[13843]
p_picks_Exp_T007_Run7_EventID_13_trace4,[13042]
p_picks_Exp_T007_Run7_EventID_13_trace5,[13166]
p_picks_Exp_T007_Run7_EventID_13_trace6,[13241]
p_picks_Exp_T007_Run7_EventID_13_trace7,[12319]
p_picks_Exp_T007_Run7_EventID_13_trace8,[13018]
p_picks_Exp_T007_Run7_EventID_14_trace1,[16610]
p_picks_Exp_T007_Run7_EventID_14_trace2,[16387]
p_picks_Exp_T007_Run7_EventID_14_trace3,[16501]
p_picks_Exp_T007_Run7_EventID_14_trace4,[16442]
p_picks_Exp_T007_Run7_EventID_14_trace5,[16132]
p_picks_Exp_T007_Run7_EventID_14_trace6,[16106]
p_picks_Exp_T007_Run7_EventID_14_trace7,[16116]
p_picks_Exp_T007_Run7_EventID_14_trace8,[15464]
p_picks_Exp_T007_Run7_EventID_15_trace1,[13299]
p_picks_Exp_T007_Run7_EventID_15_trace2,[12973]
p_picks_Exp_T007_Run7_EventID_15_trace3,[12864]
p_picks_Exp_T007_Run7_EventID_15_trace4,[12756]
p_picks_Exp_T007_Run7_EventID_15_trace5,[12607]
p_picks_Exp_T007_Run7_EventID_15_trace6,[12400]
p_picks_Exp_T007_Run7_EventID_15_trace7,[12380]
p_picks_Exp_T007_Run7_EventID_15_trace8,[11313]
p_picks_Exp_T007_Run7_EventID_16_trace1,[15217]
p_picks_Exp_T007_Run7_EventID_16_trace2,[15562]
p_picks_Exp_T007_Run7_EventID_16_trace3,[15098]
p_picks_Exp_T007_Run7_EventID_16_trace4,[14742]
p_picks_Exp_T007_Run7_EventID_16_trace5,[14633]
p_picks_Exp_T007_Run7_EventID_16_trace6,[14604]
p_picks_Exp_T007_Run7_EventID_16_trace7,[16462]
p_picks_Exp_T007_Run7_EventID_16_trace8,[17223]
p_picks_Exp_T007_Run7_EventID_17_trace1,[12155]
p_picks_Exp_T007_Run7_EventID_17_trace2,[11968]
p_picks_Exp_T007_Run7_EventID_17_trace3,[11988]
p_picks_Exp_T007_Run7_EventID_17_trace4,[11047]
p_picks_Exp_T007_Run7_EventID_17_trace5,[12209]
p_picks_Exp_T007_Run7_EventID_17_trace6,[12035]
p_picks_Exp_T007_Run7_EventID_17_trace7,[11808]
p_picks_Exp_T007_Run7_EventID_17_trace8,[11077]
p_picks_Exp_T007_Run7_EventID_17_trace9,[-2857]
p_picks_Exp_T007_Run7_EventID_17_trace10,[-2207]
p_picks_Exp_T007_Run7_EventID_18_trace1,[3608]
p_picks_Exp_T007_Run7_EventID_18_trace2,[3346]
p_picks_Exp_T007_Run7_EventID_18_trace3,[2617]
p_picks_Exp_T007_Run7_EventID_18_trace4,[3014]
p_picks_Exp_T007_Run7_EventID_18_trace5,[3212]
p_picks_Exp_T007_Run7_EventID_18_trace6,[2766]
p_picks_Exp_T007_Run7_EventID_18_trace7,[2593]
p_picks_Exp_T007_Run7_EventID_18_trace8,[2122]
p_picks_Exp_T007_Run7_EventID_18_trace9,[-8829]
p_picks_Exp_T007_Run7_EventID_19_trace1,[238]
p_picks_Exp_T007_Run7_EventID_19_trace2,[50]
p_picks_Exp_T007_Run7_EventID_19_trace3,[445]
p_picks_Exp_T007_Run7_EventID_19_trace4,[238]
p_picks_Exp_T007_Run7_EventID_19_trace5,[257]
p_picks_Exp_T007_Run7_EventID_19_trace6,[781]
p_picks_Exp_T007_Run7_EventID_19_trace7,[1038]
p_picks_Exp_T007_Run7_EventID_20_trace1,[21425]
p_picks_Exp_T007_Run7_EventID_20_trace2,[21664]
p_picks_Exp_T007_Run7_EventID_20_trace3,[22056]
p_picks_Exp_T007_Run7_EventID_20_trace4,[22709]
p_picks_Exp_T007_Run7_EventID_20_trace5,[22952]
p_picks_Exp_T007_Run7_EventID_20_trace6,[23680]
p_picks_Exp_T007_Run7_EventID_20_trace7,[23700]
p_picks_Exp_T007_Run7_EventID_20_trace8,[23424]
p_picks_Exp_T007_Run7_EventID_20_trace9,[-724]
p_picks_Exp_T007_Run7_EventID_21_trace1,[20798]
p_picks_Exp_T007_Run7_EventID_21_trace2,[20386]
p_picks_Exp_T007_Run7_EventID_21_trace3,[18104]
p_picks_Exp_T007_Run7_EventID_21_trace4,[18045]
p_picks_Exp_T007_Run7_EventID_21_trace5,[18018]
p_picks_Exp_T007_Run7_EventID_21_trace6,[17972]
p_picks_Exp_T007_Run7_EventID_21_trace7,[18388]
p_picks_Exp_T007_Run7_EventID_21_trace8,[18996]
p_picks_Exp_T007_Run7_EventID_21_trace9,[-2734]
p_picks_Exp_T007_Run7_EventID_22_trace1,[21168]
p_picks_Exp_T007_Run7_EventID_22_trace2,[9714]
p_picks_Exp_T007_Run7_EventID_22_trace3,[9826]
p_picks_Exp_T007_Run7_EventID_22_trace4,[9947]
p_picks_Exp_T007_Run7_EventID_22_trace5,[9747]
p_picks_Exp_T007_Run7_EventID_22_trace6,[9902]
p_picks_Exp_T007_Run7_EventID_22_trace7,[10123]
p_picks_Exp_T007_Run7_EventID_22_trace8,[10607]
p_picks_Exp_T007_Run7_EventID_23_trace1,[14619]
p_picks_Exp_T007_Run7_EventID_23_trace2,[14105]
p_picks_Exp_T007_Run7_EventID_23_trace3,[13946]
p_picks_Exp_T007_Run7_EventID_23_trace4,[12519]
p_picks_Exp_T007_Run7_EventID_23_trace5,[13731]
p_picks_Exp_T007_Run7_EventID_23_trace6,[13666]
p_picks_Exp_T007_Run7_EventID_23_trace7,[13412]
p_picks_Exp_T007_Run7_EventID_23_trace8,[13100]
p_picks_Exp_T007_Run8_EventID_24_trace1,[6]
p_picks_Exp_T007_Run8_EventID_24_trace2,[7]
p_picks_Exp_T007_Run8_EventID_24_trace3,[6]
p_picks_Exp_T007_Run8_EventID_24_trace4,[7]
p_picks_Exp_T007_Run8_EventID_24_trace5,[11]
p_picks_Exp_T007_Run8_EventID_24_trace6,[17]
p_picks_Exp_T007_Run8_EventID_24_trace7,[11]
p_picks_Exp_T007_Run8_EventID_24_trace8,[12]
p_picks_Exp_T007_Run8_EventID_25_trace1,[4082]
p_picks_Exp_T007_Run8_EventID_25_trace2,[3979]
p_picks_Exp_T007_Run8_EventID_25_trace3,[3622]
p_picks_Exp_T007_Run8_EventID_25_trace4,[3421]
p_picks_Exp_T007_Run8_EventID_25_trace5,[3310]
p_picks_Exp_T007_Run8_EventID_25_trace6,[4499]
p_picks_Exp_T007_Run8_EventID_25_trace7,[4420]
p_picks_Exp_T007_Run8_EventID_25_trace8,[4061]
p_picks_Exp_T007_Run8_EventID_26_trace1,[2251]
p_picks_Exp_T007_Run8_EventID_26_trace2,[2166]
p_picks_Exp_T007_Run8_EventID_26_trace3,[2059]
p_picks_Exp_T007_Run8_EventID_26_trace4,[33]
p_picks_Exp_T007_Run8_EventID_26_trace5,[945]
p_picks_Exp_T007_Run8_EventID_26_trace6,[1604]
p_picks_Exp_T007_Run8_EventID_26_trace7,[697]
p_picks_Exp_T007_Run8_EventID_26_trace8,[1331]
p_picks_Exp_T007_Run8_EventID_27_trace1,[6982]
p_picks_Exp_T007_Run8_EventID_27_trace2,[6809]
p_picks_Exp_T007_Run8_EventID_27_trace3,[6587]
p_picks_Exp_T007_Run8_EventID_27_trace4,[6453]
p_picks_Exp_T007_Run8_EventID_27_trace5,[6397]
p_picks_Exp_T007_Run8_EventID_27_trace6,[6216]
p_picks_Exp_T007_Run8_EventID_27_trace7,[6142]
p_picks_Exp_T007_Run8_EventID_27_trace8,[7035]
p_picks_Exp_T007_Run8_EventID_28_trace1,[7705]
p_picks_Exp_T007_Run8_EventID_28_trace2,[7499]
p_picks_Exp_T007_Run8_EventID_28_trace3,[7263]
p_picks_Exp_T007_Run8_EventID_28_trace4,[7106]
p_picks_Exp_T007_Run8_EventID_28_trace5,[7080]
p_picks_Exp_T007_Run8_EventID_28_trace6,[6449]
p_picks_Exp_T007_Run8_EventID_28_trace7,[6853]
p_picks_Exp_T007_Run8_EventID_28_trace8,[6167]
p_picks_Exp_T007_Run8_EventID_29_trace1,[10368]
p_picks_Exp_T007_Run8_EventID_29_trace2,[10202]
p_picks_Exp_T007_Run8_EventID_29_trace3,[9890]
p_picks_Exp_T007_Run8_EventID_29_trace4,[9833]
p_picks_Exp_T007_Run8_EventID_29_trace5,[9814]
p_picks_Exp_T007_Run8_EventID_29_trace6,[8787]
p_picks_Exp_T007_Run8_EventID_29_trace7,[9543]
p_picks_Exp_T007_Run8_EventID_29_trace8,[8834]
p_picks_Exp_T007_Run8_EventID_30_trace1,[10522]
p_picks_Exp_T007_Run8_EventID_30_trace2,[10228]
p_picks_Exp_T007_Run8_EventID_30_trace3,[10055]
p_picks_Exp_T007_Run8_EventID_30_trace4,[10004]
p_picks_Exp_T007_Run8_EventID_30_trace5,[9577]
p_picks_Exp_T007_Run8_EventID_30_trace6,[8887]
p_picks_Exp_T007_Run8_EventID_30_trace7,[9749]
p_picks_Exp_T007_Run8_EventID_30_trace8,[8933]
p_picks_Exp_T007_Run8_EventID_31_trace1,[10405]
p_picks_Exp_T007_Run8_EventID_31_trace2,[10234]
p_picks_Exp_T007_Run8_EventID_31_trace3,[9971]
p_picks_Exp_T007_Run8_EventID_31_trace4,[9913]
p_picks_Exp_T007_Run8_EventID_31_trace5,[9542]
p_picks_Exp_T007_Run8_EventID_31_trace6,[8792]
p_picks_Exp_T007_Run8_EventID_31_trace7,[9679]
p_picks_Exp_T007_Run8_EventID_31_trace8,[9015]
p_picks_Exp_T007_Run8_EventID_32_trace1,[10608]
p_picks_Exp_T007_Run8_EventID_32_trace2,[10467]
p_picks_Exp_T007_Run8_EventID_32_trace3,[10115]
p_picks_Exp_T007_Run8_EventID_32_trace4,[10057]
p_picks_Exp_T007_Run8_EventID_32_trace5,[9991]
p_picks_Exp_T007_Run8_EventID_32_trace6,[8998]
p_picks_Exp_T007_Run8_EventID_32_trace7,[9757]
p_picks_Exp_T007_Run8_EventID_32_trace8,[9010]
p_picks_Exp_T007_Run8_EventID_33_trace1,[13370]
p_picks_Exp_T007_Run8_EventID_33_trace2,[13311]
p_picks_Exp_T007_Run8_EventID_33_trace3,[13132]
p_picks_Exp_T007_Run8_EventID_33_trace4,[12923]
p_picks_Exp_T007_Run8_EventID_33_trace5,[12863]
p_picks_Exp_T007_Run8_EventID_33_trace6,[11888]
p_picks_Exp_T007_Run8_EventID_33_trace7,[11451]
p_picks_Exp_T007_Run8_EventID_33_trace8,[11515]
p_picks_Exp_T007_Run8_EventID_34_trace1,[23444]
p_picks_Exp_T007_Run8_EventID_34_trace2,[23262]
p_picks_Exp_T007_Run8_EventID_34_trace3,[23031]
p_picks_Exp_T007_Run8_EventID_34_trace4,[22809]
p_picks_Exp_T007_Run8_EventID_34_trace5,[22748]
p_picks_Exp_T007_Run8_EventID_34_trace6,[21928]
p_picks_Exp_T007_Run8_EventID_34_trace7,[22535]
p_picks_Exp_T007_Run8_EventID_34_trace8,[21677]
p_picks_Exp_T007_Run8_EventID_35_trace1,[20283]
p_picks_Exp_T007_Run8_EventID_35_trace2,[20069]
p_picks_Exp_T007_Run8_EventID_35_trace3,[19825]
p_picks_Exp_T007_Run8_EventID_35_trace4,[19713]
p_picks_Exp_T007_Run8_EventID_35_trace5,[19651]
p_picks_Exp_T007_Run8_EventID_35_trace6,[18717]
p_picks_Exp_T007_Run8_EventID_35_trace7,[19116]
p_picks_Exp_T007_Run8_EventID_35_trace8,[18657]
p_picks_Exp_T007_Run8_EventID_36_trace1,[20563]
p_picks_Exp_T007_Run8_EventID_36_trace2,[20326]
p_picks_Exp_T007_Run8_EventID_36_trace3,[20168]
p_picks_Exp_T007_Run8_EventID_36_trace4,[20001]
p_picks_Exp_T007_Run8_EventID_36_trace5,[19890]
p_picks_Exp_T007_Run8_EventID_36_trace6,[18958]
p_picks_Exp_T007_Run8_EventID_36_trace7,[18975]
p_picks_Exp_T007_Run8_EventID_36_trace8,[18756]
p_picks_Exp_T007_Run8_EventID_37_trace1,[21557]
p_picks_Exp_T007_Run8_EventID_37_trace2,[21192]
p_picks_Exp_T007_Run8_EventID_37_trace3,[21143]
p_picks_Exp_T007_Run8_EventID_37_trace4,[20914]
p_picks_Exp_T007_Run8_EventID_37_trace5,[20085]
p_picks_Exp_T007_Run8_EventID_37_trace6,[19493]
p_picks_Exp_T007_Run8_EventID_37_trace7,[20234]
p_picks_Exp_T007_Run8_EventID_37_trace8,[20266]
p_picks_Exp_T007_Run9_EventID_38_trace1,[23191]
p_picks_Exp_T007_Run9_EventID_38_trace2,[23292]
p_picks_Exp_T007_Run9_EventID_38_trace3,[21841]
p_picks_Exp_T007_Run9_EventID_38_trace4,[21795]
p_picks_Exp_T007_Run9_EventID_38_trace5,[21750]
p_picks_Exp_T007_Run9_EventID_38_trace6,[23543]
p_picks_Exp_T007_Run9_EventID_38_trace7,[23018]
p_picks_Exp_T007_Run9_EventID_38_trace8,[23002]
p_picks_Exp_T007_Run9_EventID_39_trace1,[15285]
p_picks_Exp_T007_Run9_EventID_39_trace2,[14910]
p_picks_Exp_T007_Run9_EventID_39_trace3,[14982]
p_picks_Exp_T007_Run9_EventID_39_trace4,[15069]
p_picks_Exp_T007_Run9_EventID_39_trace5,[14606]
p_picks_Exp_T007_Run9_EventID_39_trace6,[14280]
p_picks_Exp_T007_Run9_EventID_39_trace7,[13148]
p_picks_Exp_T007_Run9_EventID_39_trace8,[13077]
p_picks_Exp_T007_Run9_EventID_40_trace1,[20974]
p_picks_Exp_T007_Run9_EventID_40_trace2,[20492]
p_picks_Exp_T007_Run9_EventID_40_trace3,[18253]
p_picks_Exp_T007_Run9_EventID_40_trace4,[20426]
p_picks_Exp_T007_Run9_EventID_40_trace5,[19455]
p_picks_Exp_T007_Run9_EventID_40_trace6,[17366]
p_picks_Exp_T007_Run9_EventID_40_trace7,[19390]
p_picks_Exp_T007_Run9_EventID_40_trace8,[19808]
p_picks_Exp_T007_Run9_EventID_41_trace1,[10970]
p_picks_Exp_T007_Run9_EventID_41_trace2,[10991]
p_picks_Exp_T007_Run9_EventID_41_trace3,[10617]
p_picks_Exp_T007_Run9_EventID_41_trace4,[10521]
p_picks_Exp_T007_Run9_EventID_41_trace5,[10335]
p_picks_Exp_T007_Run9_EventID_41_trace6,[10200]
p_picks_Exp_T007_Run9_EventID_41_trace7,[8074]
p_picks_Exp_T007_Run9_EventID_41_trace8,[7917]
p_picks_Exp_T007_Run9_EventID_42_trace1,[22455]
p_picks_Exp_T007_Run9_EventID_42_trace2,[22941]
p_picks_Exp_T007_Run9_EventID_42_trace3,[22479]
p_picks_Exp_T007_Run9_EventID_42_trace4,[22427]
p_picks_Exp_T007_Run9_EventID_42_trace5,[22398]
p_picks_Exp_T007_Run9_EventID_42_trace6,[21552]
p_picks_Exp_T007_Run9_EventID_42_trace7,[22164]
p_picks_Exp_T007_Run9_EventID_42_trace8,[21668]
p_picks_Exp_T007_Run9_EventID_43_trace1,[22490]
p_picks_Exp_T007_Run9_EventID_43_trace2,[22153]
p_picks_Exp_T007_Run9_EventID_43_trace3,[22075]
p_picks_Exp_T007_Run9_EventID_43_trace4,[21807]
p_picks_Exp_T007_Run9_EventID_43_trace5,[21841]
p_picks_Exp_T007_Run9_EventID_43_trace6,[20328]
p_picks_Exp_T007_Run9_EventID_43_trace7,[21143]
p_picks_Exp_T007_Run9_EventID_43_trace8,[21107]
p_picks_Exp_T007_Run9_EventID_44_trace1,[22314]
p_picks_Exp_T007_Run9_EventID_44_trace2,[22078]
p_picks_Exp_T007_Run9_EventID_44_trace3,[21960]
p_picks_Exp_T007_Run9_EventID_44_trace4,[21749]
p_picks_Exp_T007_Run9_EventID_44_trace5,[21276]
p_picks_Exp_T007_Run9_EventID_44_trace6,[20358]
p_picks_Exp_T007_Run9_EventID_44_trace7,[21121]
p_picks_Exp_T007_Run9_EventID_44_trace8,[21245]
p_picks_Exp_T007_Run9_EventID_45_trace1,[20150]
p_picks_Exp_T007_Run9_EventID_45_trace2,[20007]
p_picks_Exp_T007_Run9_EventID_45_trace3,[19612]
p_picks_Exp_T007_Run9_EventID_45_trace4,[19467]
p_picks_Exp_T007_Run9_EventID_45_trace5,[18963]
p_picks_Exp_T007_Run9_EventID_45_trace6,[19873]
p_picks_Exp_T007_Run9_EventID_45_trace7,[18660]
p_picks_Exp_T007_Run9_EventID_45_trace8,[18890]
p_picks_Exp_T007_Run9_EventID_46_trace1,[22084]
p_picks_Exp_T007_Run9_EventID_46_trace2,[21650]
p_picks_Exp_T007_Run9_EventID_46_trace3,[21285]
p_picks_Exp_T007_Run9_EventID_46_trace4,[21398]
p_picks_Exp_T007_Run9_EventID_46_trace5,[21244]
p_picks_Exp_T007_Run9_EventID_46_trace6,[19796]
p_picks_Exp_T007_Run9_EventID_46_trace7,[20729]
p_picks_Exp_T007_Run9_EventID_46_trace8,[20619]
p_picks_Exp_T007_Run9_EventID_47_trace1,[22251]
p_picks_Exp_T007_Run9_EventID_47_trace2,[21817]
p_picks_Exp_T007_Run9_EventID_47_trace3,[21421]
p_picks_Exp_T007_Run9_EventID_47_trace4,[21423]
p_picks_Exp_T007_Run9_EventID_47_trace5,[20668]
p_picks_Exp_T007_Run9_EventID_47_trace6,[20413]
p_picks_Exp_T007_Run9_EventID_47_trace7,[20586]
p_picks_Exp_T007_Run9_EventID_47_trace8,[20464]
p_picks_Exp_T007_Run9_EventID_48_trace1,[22361]
p_picks_Exp_T007_Run9_EventID_48_trace2,[21985]
p_picks_Exp_T007_Run9_EventID_48_trace3,[22013]
p_picks_Exp_T007_Run9_EventID_48_trace4,[22119]
p_picks_Exp_T007_Run9_EventID_48_trace5,[22107]
p_picks_Exp_T007_Run9_EventID_48_trace6,[20599]
p_picks_Exp_T007_Run9_EventID_48_trace7,[21342]
p_picks_Exp_T007_Run9_EventID_48_trace8,[21283]
p_picks_Exp_T007_Run9_EventID_49_trace1,[21951]
p_picks_Exp_T007_Run9_EventID_49_trace2,[21726]
p_picks_Exp_T007_Run9_EventID_49_trace3,[21536]
p_picks_Exp_T007_Run9_EventID_49_trace4,[21441]
p_picks_Exp_T007_Run9_EventID_49_trace5,[21367]
p_picks_Exp_T007_Run9_EventID_49_trace6,[20734]
p_picks_Exp_T007_Run9_EventID_49_trace7,[21093]
p_picks_Exp_T007_Run9_EventID_49_trace8,[21160]
p_picks_Exp_T007_Run9_EventID_50_trace1,[21054]
p_picks_Exp_T007_Run9_EventID_50_trace2,[20661]
p_picks_Exp_T007_Run9_EventID_50_trace3,[20404]
p_picks_Exp_T007_Run9_EventID_50_trace4,[20304]
p_picks_Exp_T007_Run9_EventID_50_trace5,[20254]
p_picks_Exp_T007_Run9_EventID_50_trace6,[19299]
p_picks_Exp_T007_Run9_EventID_50_trace7,[19680]
p_picks_Exp_T007_Run9_EventID_50_trace8,[19744]
p_picks_Exp_T007_Run9_EventID_51_trace1,[23280]
p_picks_Exp_T007_Run9_EventID_51_trace2,[22105]
p_picks_Exp_T007_Run9_EventID_51_trace3,[21862]
p_picks_Exp_T007_Run9_EventID_51_trace4,[21809]
p_picks_Exp_T007_Run9_EventID_51_trace5,[21862]
p_picks_Exp_T007_Run9_EventID_51_trace6,[21081]
p_picks_Exp_T007_Run9_EventID_51_trace7,[21009]
p_picks_Exp_T007_Run9_EventID_51_trace8,[20887]
p_picks_Exp_T007_Run9_EventID_52_trace1,[19933]
p_picks_Exp_T007_Run9_EventID_52_trace2,[19738]
p_picks_Exp_T007_Run9_EventID_52_trace3,[19574]
p_picks_Exp_T007_Run9_EventID_52_trace4,[19463]
p_picks_Exp_T007_Run9_EventID_52_trace5,[19331]
p_picks_Exp_T007_Run9_EventID_52_trace6,[18173]
p_picks_Exp_T007_Run9_EventID_52_trace7,[19018]
p_picks_Exp_T007_Run9_EventID_52_trace8,[19033]
p_picks_Exp_T016_Run7_EventID_100_trace1,"[124710, 54049]"
p_picks_Exp_T016_Run7_EventID_100_trace2,"[123860, 53253]"
p_picks_Exp_T016_Run7_EventID_100_trace3,"[53171, 123607]"
p_picks_Exp_T016_Run7_EventID_100_trace4,"[124062, 53931]"
p_picks_Exp_T016_Run7_EventID_100_trace5,"[53520, 123561]"
p_picks_Exp_T016_Run7_EventID_100_trace6,"[54173, 123654]"
p_picks_Exp_T016_Run7_EventID_100_trace7,"[123120, 52890]"
p_picks_Exp_T016_Run7_EventID_100_trace8,"[120856, 52047]"
p_picks_Exp_T016_Run7_EventID_100_trace9,"[123520, 53221]"
p_picks_Exp_T016_Run7_EventID_100_trace10,"[123797, 53617]"
p_picks_Exp_T016_Run7_EventID_100_trace11,"[51468, 121680]"
p_picks_Exp_T016_Run7_EventID_101_trace1,"[110205, 124736]"
p_picks_Exp_T016_Run7_EventID_101_trace2,"[98225, 113243]"
p_picks_Exp_T016_Run7_EventID_101_trace3,"[112672, 97994]"
p_picks_Exp_T016_Run7_EventID_101_trace4,"[99053, 113226]"
p_picks_Exp_T016_Run7_EventID_101_trace5,"[99941, 113488]"
p_picks_Exp_T016_Run7_EventID_101_trace6,"[99263, 113139]"
p_picks_Exp_T016_Run7_EventID_101_trace7,"[123259, 109473]"
p_picks_Exp_T016_Run7_EventID_101_trace8,"[96504, 110748]"
p_picks_Exp_T016_Run7_EventID_101_trace9,"[112794, 98750]"
p_picks_Exp_T016_Run7_EventID_101_trace10,"[105349, 123396]"
p_picks_Exp_T016_Run7_EventID_101_trace11,"[120732, 106613]"
p_picks_Exp_T016_Run7_EventID_102_trace1,"[137320, 124714]"
p_picks_Exp_T016_Run7_EventID_102_trace2,"[136488, 123873]"
p_picks_Exp_T016_Run7_EventID_102_trace3,"[123601, 136236]"
p_picks_Exp_T016_Run7_EventID_102_trace4,"[124060, 136897]"
p_picks_Exp_T016_Run7_EventID_102_trace5,"[124138, 110679]"
p_picks_Exp_T016_Run7_EventID_102_trace6,"[132834, 121143]"
p_picks_Exp_T016_Run7_EventID_102_trace7,"[123769, 136678]"
p_picks_Exp_T016_Run7_EventID_102_trace8,"[136016, 123186]"
p_picks_Exp_T016_Run7_EventID_102_trace9,"[120973, 132935]"
p_picks_Exp_T016_Run7_EventID_70_trace1,[118952]
p_picks_Exp_T016_Run7_EventID_70_trace2,[104631]
p_picks_Exp_T016_Run7_EventID_70_trace3,[107590]
p_picks_Exp_T016_Run7_EventID_70_trace4,[108276]
p_picks_Exp_T016_Run7_EventID_70_trace5,[82284]
p_picks_Exp_T016_Run7_EventID_70_trace6,[82771]
p_picks_Exp_T016_Run7_EventID_71_trace1,[123904]
p_picks_Exp_T016_Run7_EventID_71_trace2,[123874]
p_picks_Exp_T016_Run7_EventID_71_trace3,[123505]
p_picks_Exp_T016_Run7_EventID_71_trace4,[123418]
p_picks_Exp_T016_Run7_EventID_71_trace5,[120784]
p_picks_Exp_T016_Run7_EventID_71_trace6,[123418]
p_picks_Exp_T016_Run7_EventID_71_trace7,[121210]
p_picks_Exp_T016_Run7_EventID_71_trace8,[120891]
p_picks_Exp_T016_Run7_EventID_71_trace9,[118509]
p_picks_Exp_T016_Run7_EventID_71_trace10,[115896]
p_picks_Exp_T016_Run7_EventID_71_trace11,[116470]
p_picks_Exp_T016_Run7_EventID_72_trace1,[103627]
p_picks_Exp_T016_Run7_EventID_72_trace2,[80905]
p_picks_Exp_T016_Run7_EventID_72_trace3,[116272]
p_picks_Exp_T016_Run7_EventID_72_trace4,[119469]
p_picks_Exp_T016_Run7_EventID_72_trace5,[118898]
p_picks_Exp_T016_Run7_EventID_73_trace1,[101380]
p_picks_Exp_T016_Run7_EventID_73_trace2,[79603]
p_picks_Exp_T016_Run7_EventID_73_trace3,[122365]
p_picks_Exp_T016_Run7_EventID_73_trace4,[120131]
p_picks_Exp_T016_Run7_EventID_81_trace1,[123381]
p_picks_Exp_T016_Run7_EventID_81_trace2,[124687]
p_picks_Exp_T016_Run7_EventID_81_trace3,[124859]
p_picks_Exp_T016_Run7_EventID_81_trace4,[124719]
p_picks_Exp_T016_Run7_EventID_81_trace5,[123959]
p_picks_Exp_T016_Run7_EventID_81_trace6,[124162]
p_picks_Exp_T016_Run7_EventID_81_trace7,[122832]
p_picks_Exp_T016_Run7_EventID_81_trace8,[124238]
p_picks_Exp_T016_Run7_EventID_81_trace9,[123582]
p_picks_Exp_T016_Run7_EventID_81_trace10,[123294]
p_picks_Exp_T016_Run7_EventID_81_trace11,[123731]
p_picks_Exp_T016_Run7_EventID_83_trace1,[124437]
p_picks_Exp_T016_Run7_EventID_83_trace2,[124537]
p_picks_Exp_T016_Run7_EventID_83_trace3,[121711]
p_picks_Exp_T016_Run7_EventID_89_trace1,[96051]
p_picks_Exp_T016_Run7_EventID_89_trace2,[95157]
p_picks_Exp_T016_Run7_EventID_89_trace3,[95713]
p_picks_Exp_T016_Run7_EventID_89_trace4,[96346]
p_picks_Exp_T016_Run7_EventID_89_trace5,[96737]
p_picks_Exp_T016_Run7_EventID_89_trace6,[96862]
p_picks_Exp_T016_Run7_EventID_89_trace7,[95116]
p_picks_Exp_T016_Run7_EventID_89_trace8,[95572]
p_picks_Exp_T016_Run7_EventID_89_trace9,[94664]
p_picks_Exp_T016_Run7_EventID_89_trace10,[92483]
p_picks_Exp_T016_Run7_EventID_90_trace1,[124226]
p_picks_Exp_T016_Run7_EventID_91_trace1,[119182]
p_picks_Exp_T016_Run7_EventID_91_trace2,[118888]
p_picks_Exp_T016_Run7_EventID_91_trace3,[118820]
p_picks_Exp_T016_Run7_EventID_91_trace4,[124312]
p_picks_Exp_T016_Run7_EventID_91_trace5,[123483]
p_picks_Exp_T016_Run7_EventID_91_trace6,[123272]
p_picks_Exp_T016_Run7_EventID_91_trace7,[118287]
p_picks_Exp_T016_Run7_EventID_92_trace1,[124892]
p_picks_Exp_T016_Run7_EventID_94_trace1,"[124313, 151793]"
p_picks_Exp_T016_Run7_EventID_94_trace2,"[151901, 124413]"
p_picks_Exp_T016_Run7_EventID_94_trace3,"[123280, 150865]"
p_picks_Exp_T016_Run7_EventID_94_trace4,"[151842, 124202]"
p_picks_Exp_T016_Run7_EventID_94_trace5,"[124094, 152262]"
p_picks_Exp_T016_Run7_EventID_94_trace6,"[151985, 123650]"
p_picks_Exp_T016_Run7_EventID_94_trace7,"[121728, 149317]"
p_picks_Exp_T016_Run7_EventID_94_trace8,"[151888, 123703]"
p_picks_Exp_T016_Run7_EventID_94_trace9,"[151817, 123669]"
p_picks_Exp_T016_Run7_EventID_94_trace10,"[149079, 121162]"
p_picks_Exp_T016_Run7_EventID_95_trace1,[124499]
p_picks_Exp_T016_Run7_EventID_95_trace2,[124381]
p_picks_Exp_T016_Run7_EventID_95_trace3,[122617]
p_picks_Exp_T016_Run7_EventID_95_trace4,[123694]
p_picks_Exp_T016_Run7_EventID_95_trace5,[123761]
p_picks_Exp_T016_Run7_EventID_95_trace6,[123724]
p_picks_Exp_T016_Run7_EventID_95_trace7,[123533]
p_picks_Exp_T016_Run7_EventID_95_trace8,[120992]
p_picks_Exp_T016_Run7_EventID_95_trace9,[112453]
p_picks_Exp_T016_Run7_EventID_95_trace10,[113418]
p_picks_Exp_T016_Run7_EventID_95_trace11,[114147]
p_picks_Exp_T016_Run7_EventID_98_trace1,"[124848, 237452]"
p_picks_Exp_T016_Run7_EventID_98_trace2,"[236541, 123939]"
p_picks_Exp_T016_Run7_EventID_98_trace3,"[124093, 236898]"
p_picks_Exp_T016_Run7_EventID_98_trace4,"[236423, 123650]"
p_picks_Exp_T016_Run7_EventID_98_trace5,"[123314, 235991]"
p_picks_Exp_T016_Run7_EventID_98_trace6,"[236299, 123715]"
p_picks_Exp_T016_Run7_EventID_98_trace7,"[121300, 234115]"
p_picks_Exp_T016_Run7_EventID_98_trace8,"[233203, 120607]"
p_picks_Exp_T016_Run7_EventID_99_trace1,"[63633, 124905]"
p_picks_Exp_T016_Run7_EventID_99_trace2,"[123967, 63033]"
p_picks_Exp_T016_Run7_EventID_99_trace3,"[124145, 63171]"
p_picks_Exp_T016_Run7_EventID_99_trace4,"[62682, 124013]"
p_picks_Exp_T016_Run7_EventID_99_trace5,"[123388, 78018]"
p_picks_Exp_T016_Run7_EventID_99_trace6,"[78023, 123332]"
p_picks_Exp_T016_Run7_EventID_99_trace7,"[123435, 77973]"
p_picks_Exp_T016_Run7_EventID_99_trace8,"[121836, 76487]"
p_picks_Exp_T016_Run7_EventID_99_trace9,"[62624, 123197]"
p_picks_Exp_T016_Run7_EventID_99_trace10,"[168664, 107879]"
p_picks_Exp_T016_Run7_EventID_99_trace11,"[62272, 122842]"
p_picks_Exp_T018_Run2_EventID_10_trace1,[123484]
p_picks_Exp_T018_Run2_EventID_10_trace2,[123299]
p_picks_Exp_T018_Run2_EventID_10_trace3,[123276]
p_picks_Exp_T018_Run2_EventID_10_trace4,[123309]
p_picks_Exp_T018_Run2_EventID_10_trace5,[123258]
p_picks_Exp_T018_Run2_EventID_10_trace6,[121794]
p_picks_Exp_T018_Run2_EventID_10_trace7,[121098]
p_picks_Exp_T018_Run2_EventID_10_trace8,[122345]
p_picks_Exp_T018_Run2_EventID_10_trace9,[121987]
p_picks_Exp_T018_Run2_EventID_11_trace1,[122760]
p_picks_Exp_T018_Run2_EventID_11_trace2,[122471]
p_picks_Exp_T018_Run2_EventID_11_trace3,[123253]
p_picks_Exp_T018_Run2_EventID_11_trace4,[123370]
p_picks_Exp_T018_Run2_EventID_11_trace5,[121458]
p_picks_Exp_T018_Run2_EventID_11_trace6,[121847]
p_picks_Exp_T018_Run2_EventID_11_trace7,[121212]
p_picks_Exp_T018_Run2_EventID_11_trace8,[122608]
p_picks_Exp_T018_Run2_EventID_11_trace9,[124350]
p_picks_Exp_T018_Run2_EventID_12_trace1,[122744]
p_picks_Exp_T018_Run2_EventID_12_trace2,[123168]
p_picks_Exp_T018_Run2_EventID_12_trace3,[123292]
p_picks_Exp_T018_Run2_EventID_12_trace4,[123482]
p_picks_Exp_T018_Run2_EventID_12_trace5,[121481]
p_picks_Exp_T018_Run2_EventID_12_trace6,[121964]
p_picks_Exp_T018_Run2_EventID_12_trace7,[121181]
p_picks_Exp_T018_Run2_EventID_12_trace8,[122783]
p_picks_Exp_T018_Run2_EventID_12_trace9,[124334]
p_picks_Exp_T018_Run2_EventID_4_trace1,[115340]
p_picks_Exp_T018_Run2_EventID_4_trace2,[114876]
p_picks_Exp_T018_Run2_EventID_4_trace3,[114487]
p_picks_Exp_T018_Run2_EventID_4_trace4,[114609]
p_picks_Exp_T018_Run2_EventID_4_trace5,[115187]
p_picks_Exp_T018_Run2_EventID_4_trace6,[113869]
p_picks_Exp_T018_Run2_EventID_4_trace7,[113601]
p_picks_Exp_T018_Run2_EventID_4_trace8,[116076]
p_picks_Exp_T018_Run2_EventID_4_trace9,[116270]
p_picks_Exp_T018_Run2_EventID_5_trace1,[120907]
p_picks_Exp_T018_Run2_EventID_5_trace2,[121005]
p_picks_Exp_T018_Run2_EventID_5_trace3,[120537]
p_picks_Exp_T018_Run2_EventID_5_trace4,[119835]
p_picks_Exp_T018_Run2_EventID_5_trace5,[119263]
p_picks_Exp_T018_Run2_EventID_5_trace6,[118718]
p_picks_Exp_T018_Run2_EventID_5_trace7,[118847]
p_picks_Exp_T018_Run2_EventID_5_trace8,[120875]
p_picks_Exp_T018_Run2_EventID_5_trace9,[121811]
p_picks_Exp_T018_Run2_EventID_6_trace1,[120823]
p_picks_Exp_T018_Run2_EventID_6_trace2,[112401]
p_picks_Exp_T018_Run2_EventID_6_trace3,[120902]
p_picks_Exp_T018_Run2_EventID_6_trace4,[120883]
p_picks_Exp_T018_Run2_EventID_6_trace5,[119488]
p_picks_Exp_T018_Run2_EventID_6_trace6,[122565]
p_picks_Exp_T018_Run2_EventID_6_trace7,[121813]
p_picks_Exp_T018_Run2_EventID_6_trace8,[121858]
p_picks_Exp_T018_Run2_EventID_6_trace9,[123253]
p_picks_Exp_T018_Run2_EventID_7_trace1,[121096]
p_picks_Exp_T018_Run2_EventID_7_trace2,[113052]
p_picks_Exp_T018_Run2_EventID_7_trace3,[121884]
p_picks_Exp_T018_Run2_EventID_7_trace4,[121848]
p_picks_Exp_T018_Run2_EventID_7_trace5,[119859]
p_picks_Exp_T018_Run2_EventID_7_trace6,[121236]
p_picks_Exp_T018_Run2_EventID_7_trace7,[123017]
p_picks_Exp_T018_Run2_EventID_7_trace8,[123076]
p_picks_Exp_T018_Run2_EventID_7_trace9,[123072]
p_picks_Exp_T018_Run2_EventID_8_trace1,[123274]
p_picks_Exp_T018_Run2_EventID_8_trace2,[123222]
p_picks_Exp_T018_Run2_EventID_8_trace3,[123321]
p_picks_Exp_T018_Run2_EventID_8_trace4,[123410]
p_picks_Exp_T018_Run2_EventID_8_trace5,[123459]
p_picks_Exp_T018_Run2_EventID_8_trace6,[122013]
p_picks_Exp_T018_Run2_EventID_8_trace7,[121259]
p_picks_Exp_T018_Run2_EventID_8_trace8,[122557]
p_picks_Exp_T018_Run2_EventID_8_trace9,[124206]
p_picks_Exp_T018_Run2_EventID_9_trace1,[123210]
p_picks_Exp_T018_Run2_EventID_9_trace2,[123069]
p_picks_Exp_T018_Run2_EventID_9_trace3,[123111]
p_picks_Exp_T018_Run2_EventID_9_trace4,[123383]
p_picks_Exp_T018_Run2_EventID_9_trace5,[123466]
p_picks_Exp_T018_Run2_EventID_9_trace6,[121805]
p_picks_Exp_T018_Run2_EventID_9_trace7,[121296]
p_picks_Exp_T018_Run2_EventID_9_trace8,[122734]
p_picks_Exp_T018_Run2_EventID_9_trace9,[122486]
p_picks_Exp_T018_Run3_Traces_EventID_13_trace1,[123221]
p_picks_Exp_T018_Run3_Traces_EventID_13_trace2,[122917]
p_picks_Exp_T018_Run3_Traces_EventID_13_trace3,[123020]
p_picks_Exp_T018_Run3_Traces_EventID_13_trace4,[122140]
p_picks_Exp_T018_Run3_Traces_EventID_13_trace5,[121583]
p_picks_Exp_T018_Run3_Traces_EventID_13_trace6,[121620]
p_picks_Exp_T018_Run3_Traces_EventID_13_trace7,[122428]
p_picks_Exp_T018_Run3_Traces_EventID_13_trace8,[122693]
p_picks_Exp_T018_Run3_Traces_EventID_14_trace1,[117697]
p_picks_Exp_T018_Run3_Traces_EventID_14_trace2,[123221]
p_picks_Exp_T018_Run3_Traces_EventID_14_trace3,[123327]
p_picks_Exp_T018_Run3_Traces_EventID_14_trace4,[123407]
p_picks_Exp_T018_Run3_Traces_EventID_14_trace5,[121371]
p_picks_Exp_T018_Run3_Traces_EventID_14_trace6,[121681]
p_picks_Exp_T018_Run3_Traces_EventID_14_trace7,[122548]
p_picks_Exp_T018_Run3_Traces_EventID_14_trace8,[123150]
p_picks_Exp_T018_Run3_Traces_EventID_14_trace9,[124319]
p_picks_Exp_T018_Run3_Traces_EventID_15_trace1,[122331]
p_picks_Exp_T018_Run3_Traces_EventID_15_trace2,[122665]
p_picks_Exp_T018_Run3_Traces_EventID_15_trace3,[123232]
p_picks_Exp_T018_Run3_Traces_EventID_15_trace4,[123387]
p_picks_Exp_T018_Run3_Traces_EventID_15_trace5,[121254]
p_picks_Exp_T018_Run3_Traces_EventID_15_trace6,[121588]
p_picks_Exp_T018_Run3_Traces_EventID_15_trace7,[121241]
p_picks_Exp_T018_Run3_Traces_EventID_15_trace8,[124081]
p_picks_Exp_T018_Run3_Traces_EventID_15_trace9,[124152]
p_picks_Exp_T018_Run3_Traces_EventID_16_trace1,[122707]
p_picks_Exp_T018_Run3_Traces_EventID_16_trace2,[122848]
p_picks_Exp_T018_Run3_Traces_EventID_16_trace3,[122983]
p_picks_Exp_T018_Run3_Traces_EventID_16_trace4,[123712]
p_picks_Exp_T018_Run3_Traces_EventID_16_trace5,[121404]
p_picks_Exp_T018_Run3_Traces_EventID_16_trace6,[121607]
p_picks_Exp_T018_Run3_Traces_EventID_16_trace7,[121128]
p_picks_Exp_T018_Run3_Traces_EventID_16_trace8,[124383]
p_picks_Exp_T018_Run3_Traces_EventID_16_trace9,[123957]
p_picks_Exp_T018_Run3_Traces_EventID_17_trace1,[122896]
p_picks_Exp_T018_Run3_Traces_EventID_17_trace2,[123128]
p_picks_Exp_T018_Run3_Traces_EventID_17_trace3,[123326]
p_picks_Exp_T018_Run3_Traces_EventID_17_trace4,[123696]
p_picks_Exp_T018_Run3_Traces_EventID_17_trace5,[121397]
p_picks_Exp_T018_Run3_Traces_EventID_17_trace6,[121666]
p_picks_Exp_T018_Run3_Traces_EventID_17_trace7,[124191]
p_picks_Exp_T018_Run3_Traces_EventID_17_trace8,[124242]
p_picks_Exp_T018_Run3_Traces_EventID_17_trace9,[124089]
p_picks_Exp_T018_Run3_Traces_EventID_18_trace1,[123372]
p_picks_Exp_T018_Run3_Traces_EventID_18_trace2,[123191]
p_picks_Exp_T018_Run3_Traces_EventID_18_trace3,[123184]
p_picks_Exp_T018_Run3_Traces_EventID_18_trace4,[124004]
p_picks_Exp_T018_Run3_Traces_EventID_18_trace5,[121417]
p_picks_Exp_T018_Run3_Traces_EventID_18_trace6,[124159]
p_picks_Exp_T018_Run3_Traces_EventID_18_trace7,[124152]
p_picks_Exp_T018_Run3_Traces_EventID_18_trace8,[124247]
p_picks_Exp_T018_Run3_Traces_EventID_18_trace9,[124020]
p_picks_Exp_T018_Run3_Traces_EventID_19_trace1,[122920]
p_picks_Exp_T018_Run3_Traces_EventID_19_trace2,[122465]
p_picks_Exp_T018_Run3_Traces_EventID_19_trace3,[123261]
p_picks_Exp_T018_Run3_Traces_EventID_19_trace4,[124104]
p_picks_Exp_T018_Run3_Traces_EventID_19_trace5,[121434]
p_picks_Exp_T018_Run3_Traces_EventID_19_trace6,[124201]
p_picks_Exp_T018_Run3_Traces_EventID_19_trace7,[124133]
p_picks_Exp_T018_Run3_Traces_EventID_19_trace8,[124239]
p_picks_Exp_T018_Run3_Traces_EventID_19_trace9,[124050]
p_picks_Exp_T018_Run3_Traces_EventID_20_trace1,[123205]
p_picks_Exp_T018_Run3_Traces_EventID_20_trace2,[122294]
p_picks_Exp_T018_Run3_Traces_EventID_20_trace3,[122470]
p_picks_Exp_T018_Run3_Traces_EventID_20_trace4,[124024]
p_picks_Exp_T018_Run3_Traces_EventID_20_trace5,[123476]
p_picks_Exp_T018_Run3_Traces_EventID_20_trace6,[124079]
p_picks_Exp_T018_Run3_Traces_EventID_20_trace7,[124158]
p_picks_Exp_T018_Run3_Traces_EventID_20_trace8,[124390]
p_picks_Exp_T018_Run3_Traces_EventID_20_trace9,[124329]
p_picks_Exp_T018_Run3_Traces_EventID_21_trace1,[123134]
p_picks_Exp_T018_Run3_Traces_EventID_21_trace2,[121975]
p_picks_Exp_T018_Run3_Traces_EventID_21_trace3,[122484]
p_picks_Exp_T018_Run3_Traces_EventID_21_trace4,[123703]
p_picks_Exp_T018_Run3_Traces_EventID_21_trace5,[123476]
p_picks_Exp_T018_Run3_Traces_EventID_21_trace6,[124127]
p_picks_Exp_T018_Run3_Traces_EventID_21_trace7,[124136]
p_picks_Exp_T018_Run3_Traces_EventID_21_trace8,[124213]
p_picks_Exp_T018_Run3_Traces_EventID_21_trace9,[123997]
p_picks_Exp_T018_Run3_Traces_EventID_22_trace1,[123258]
p_picks_Exp_T018_Run3_Traces_EventID_22_trace2,[122139]
p_picks_Exp_T018_Run3_Traces_EventID_22_trace3,[122162]
p_picks_Exp_T018_Run3_Traces_EventID_22_trace4,[123433]
p_picks_Exp_T018_Run3_Traces_EventID_22_trace5,[121430]
p_picks_Exp_T018_Run3_Traces_EventID_22_trace6,[124125]
p_picks_Exp_T018_Run3_Traces_EventID_22_trace7,[124166]
p_picks_Exp_T018_Run3_Traces_EventID_22_trace8,[124229]
p_picks_Exp_T018_Run3_Traces_EventID_22_trace9,[124125]
p_picks_Exp_T018_Run3_Traces_EventID_23_trace1,[123252]
p_picks_Exp_T018_Run3_Traces_EventID_23_trace2,[122232]
p_picks_Exp_T018_Run3_Traces_EventID_23_trace3,[123084]
p_picks_Exp_T018_Run3_Traces_EventID_23_trace4,[123315]
p_picks_Exp_T018_Run3_Traces_EventID_23_trace5,[121402]
p_picks_Exp_T018_Run3_Traces_EventID_23_trace6,[124006]
p_picks_Exp_T018_Run3_Traces_EventID_23_trace7,[124229]
p_picks_Exp_T018_Run3_Traces_EventID_23_trace8,[124222]
p_picks_Exp_T018_Run3_Traces_EventID_23_trace9,[124125]
p_picks_Exp_T018_Run3_Traces_EventID_24_trace1,[123405]
p_picks_Exp_T018_Run3_Traces_EventID_24_trace2,[122301]
p_picks_Exp_T018_Run3_Traces_EventID_24_trace3,[123103]
p_picks_Exp_T018_Run3_Traces_EventID_24_trace4,[123260]
p_picks_Exp_T018_Run3_Traces_EventID_24_trace5,[121378]
p_picks_Exp_T018_Run3_Traces_EventID_24_trace6,[124097]
p_picks_Exp_T018_Run3_Traces_EventID_24_trace7,[124204]
p_picks_Exp_T018_Run3_Traces_EventID_24_trace8,[124167]
p_picks_Exp_T018_Run3_Traces_EventID_24_trace9,[124060]
p_picks_Exp_T018_Run3_Traces_EventID_25_trace1,[123373]
p_picks_Exp_T018_Run3_Traces_EventID_25_trace2,[122260]
p_picks_Exp_T018_Run3_Traces_EventID_25_trace3,[122965]
p_picks_Exp_T018_Run3_Traces_EventID_25_trace4,[123280]
p_picks_Exp_T018_Run3_Traces_EventID_25_trace5,[121388]
p_picks_Exp_T018_Run3_Traces_EventID_25_trace6,[124054]
p_picks_Exp_T018_Run3_Traces_EventID_25_trace7,[124128]
p_picks_Exp_T018_Run3_Traces_EventID_25_trace8,[124181]
p_picks_Exp_T018_Run3_Traces_EventID_25_trace9,[124140]
p_picks_Exp_T018_Run3_Traces_EventID_26_trace1,[123055]
p_picks_Exp_T018_Run3_Traces_EventID_26_trace2,[122455]
p_picks_Exp_T018_Run3_Traces_EventID_26_trace3,[123284]
p_picks_Exp_T018_Run3_Traces_EventID_26_trace4,[123345]
p_picks_Exp_T018_Run3_Traces_EventID_26_trace5,[121430]
p_picks_Exp_T018_Run3_Traces_EventID_26_trace6,[124099]
p_picks_Exp_T018_Run3_Traces_EventID_26_trace7,[124194]
p_picks_Exp_T018_Run3_Traces_EventID_26_trace8,[124173]
p_picks_Exp_T018_Run3_Traces_EventID_26_trace9,[124025]
p_picks_Exp_T018_Run3_Traces_EventID_27_trace1,[123066]
p_picks_Exp_T018_Run3_Traces_EventID_27_trace2,[122401]
p_picks_Exp_T018_Run3_Traces_EventID_27_trace3,[123288]
p_picks_Exp_T018_Run3_Traces_EventID_27_trace4,[123364]
p_picks_Exp_T018_Run3_Traces_EventID_27_trace5,[121363]
p_picks_Exp_T018_Run3_Traces_EventID_27_trace6,[124073]
p_picks_Exp_T018_Run3_Traces_EventID_27_trace7,[124054]
p_picks_Exp_T018_Run3_Traces_EventID_27_trace8,[124239]
p_picks_Exp_T018_Run3_Traces_EventID_27_trace9,[124095]
p_picks_Exp_T018_Run3_Traces_EventID_28_trace1,[122971]
p_picks_Exp_T018_Run3_Traces_EventID_28_trace2,[122361]
p_picks_Exp_T018_Run3_Traces_EventID_28_trace3,[123259]
p_picks_Exp_T018_Run3_Traces_EventID_28_trace4,[123302]
p_picks_Exp_T018_Run3_Traces_EventID_28_trace5,[121342]
p_picks_Exp_T018_Run3_Traces_EventID_28_trace6,[124017]
p_picks_Exp_T018_Run3_Traces_EventID_28_trace7,[124059]
p_picks_Exp_T018_Run3_Traces_EventID_28_trace8,[124173]
p_picks_Exp_T018_Run3_Traces_EventID_28_trace9,[124112]
p_picks_Exp_T018_Run3_Traces_EventID_29_trace1,[123015]
p_picks_Exp_T018_Run3_Traces_EventID_29_trace2,[120009]
p_picks_Exp_T018_Run3_Traces_EventID_29_trace3,[123241]
p_picks_Exp_T018_Run3_Traces_EventID_29_trace4,[123328]
p_picks_Exp_T018_Run3_Traces_EventID_29_trace5,[121351]
p_picks_Exp_T018_Run3_Traces_EventID_29_trace6,[124095]
p_picks_Exp_T018_Run3_Traces_EventID_29_trace7,[124244]
p_picks_Exp_T018_Run3_Traces_EventID_29_trace8,[123952]
p_picks_Exp_T018_Run3_Traces_EventID_29_trace9,[124008]
p_picks_Exp_T018_Run3_Traces_EventID_30_trace1,[122902]
p_picks_Exp_T018_Run3_Traces_EventID_30_trace2,[119617]
p_picks_Exp_T018_Run3_Traces_EventID_30_trace3,[123172]
p_picks_Exp_T018_Run3_Traces_EventID_30_trace4,[123109]
p_picks_Exp_T018_Run3_Traces_EventID_30_trace5,[121360]
p_picks_Exp_T018_Run3_Traces_EventID_30_trace6,[124045]
p_picks_Exp_T018_Run3_Traces_EventID_30_trace7,[124142]
p_picks_Exp_T018_Run3_Traces_EventID_30_trace8,[123998]
p_picks_Exp_T018_Run3_Traces_EventID_30_trace9,[124043]
p_picks_Exp_T018_Run3_Traces_EventID_31_trace1,[122971]
p_picks_Exp_T018_Run3_Traces_EventID_31_trace2,[119731]
p_picks_Exp_T018_Run3_Traces_EventID_31_trace3,[123259]
p_picks_Exp_T018_Run3_Traces_EventID_31_trace4,[123276]
p_picks_Exp_T018_Run3_Traces_EventID_31_trace5,[121325]
p_picks_Exp_T018_Run3_Traces_EventID_31_trace6,[124031]
p_picks_Exp_T018_Run3_Traces_EventID_31_trace7,[124063]
p_picks_Exp_T018_Run3_Traces_EventID_31_trace8,[124022]
p_picks_Exp_T018_Run3_Traces_EventID_31_trace9,[124034]
p_picks_Exp_T018_Run3_Traces_EventID_32_trace1,[123050]
p_picks_Exp_T018_Run3_Traces_EventID_32_trace2,[119896]
p_picks_Exp_T018_Run3_Traces_EventID_32_trace3,[123363]
p_picks_Exp_T018_Run3_Traces_EventID_32_trace4,[123355]
p_picks_Exp_T018_Run3_Traces_EventID_32_trace5,[121447]
p_picks_Exp_T018_Run3_Traces_EventID_32_trace6,[124130]
p_picks_Exp_T018_Run3_Traces_EventID_32_trace7,[124060]
p_picks_Exp_T018_Run3_Traces_EventID_32_trace8,[124226]
p_picks_Exp_T018_Run3_Traces_EventID_32_trace9,[123964]
p_picks_Exp_T018_Run3_Traces_EventID_33_trace1,[122963]
p_picks_Exp_T018_Run3_Traces_EventID_33_trace2,[119957]
p_picks_Exp_T018_Run3_Traces_EventID_33_trace3,[123259]
p_picks_Exp_T018_Run3_Traces_EventID_33_trace4,[122945]
p_picks_Exp_T018_Run3_Traces_EventID_33_trace5,[121403]
p_picks_Exp_T018_Run3_Traces_EventID_33_trace6,[124121]
p_picks_Exp_T018_Run3_Traces_EventID_33_trace7,[124069]
p_picks_Exp_T018_Run3_Traces_EventID_33_trace8,[124192]
p_picks_Exp_T018_Run3_Traces_EventID_33_trace9,[124066]
p_picks_Exp_T018_Run3_Traces_EventID_34_trace1,[123053]
p_picks_Exp_T018_Run3_Traces_EventID_34_trace2,[119972]
p_picks_Exp_T018_Run3_Traces_EventID_34_trace3,[123362]
p_picks_Exp_T018_Run3_Traces_EventID_34_trace4,[122968]
p_picks_Exp_T018_Run3_Traces_EventID_34_trace5,[121393]
p_picks_Exp_T018_Run3_Traces_EventID_34_trace6,[124087]
p_picks_Exp_T018_Run3_Traces_EventID_34_trace7,[124052]
p_picks_Exp_T018_Run3_Traces_EventID_34_trace8,[124298]
p_picks_Exp_T018_Run3_Traces_EventID_34_trace9,[124066]
p_picks_Exp_T018_Run3_Traces_EventID_35_trace1,[123109]
p_picks_Exp_T018_Run3_Traces_EventID_35_trace2,[119972]
p_picks_Exp_T018_Run3_Traces_EventID_35_trace3,[123194]
p_picks_Exp_T018_Run3_Traces_EventID_35_trace4,[122997]
p_picks_Exp_T018_Run3_Traces_EventID_35_trace5,[123138]
p_picks_Exp_T018_Run3_Traces_EventID_35_trace6,[124120]
p_picks_Exp_T018_Run3_Traces_EventID_35_trace7,[124055]
p_picks_Exp_T018_Run3_Traces_EventID_35_trace8,[124134]
p_picks_Exp_T018_Run3_Traces_EventID_35_trace9,[124058]
p_picks_Exp_T018_Run3_Traces_EventID_36_trace1,[123107]
p_picks_Exp_T018_Run3_Traces_EventID_36_trace2,[120114]
p_picks_Exp_T018_Run3_Traces_EventID_36_trace3,[123162]
p_picks_Exp_T018_Run3_Traces_EventID_36_trace4,[122993]
p_picks_Exp_T018_Run3_Traces_EventID_36_trace5,[123111]
p_picks_Exp_T018_Run3_Traces_EventID_36_trace6,[124138]
p_picks_Exp_T018_Run3_Traces_EventID_36_trace7,[124088]
p_picks_Exp_T018_Run3_Traces_EventID_36_trace8,[124249]
p_picks_Exp_T018_Run3_Traces_EventID_36_trace9,[124094]
p_picks_Exp_T019_Run2_Traces_EventID_10_trace1,[116706]
p_picks_Exp_T019_Run2_Traces_EventID_10_trace2,[112753]
p_picks_Exp_T019_Run2_Traces_EventID_10_trace3,[115410]
p_picks_Exp_T019_Run2_Traces_EventID_10_trace4,[114243]
p_picks_Exp_T019_Run2_Traces_EventID_10_trace5,[115151]
p_picks_Exp_T019_Run2_Traces_EventID_10_trace6,[116416]
p_picks_Exp_T019_Run2_Traces_EventID_10_trace7,[117425]
p_picks_Exp_T019_Run2_Traces_EventID_10_trace8,[120132]
p_picks_Exp_T019_Run2_Traces_EventID_10_trace9,[120504]
p_picks_Exp_T019_Run2_Traces_EventID_11_trace1,[117159]
p_picks_Exp_T019_Run2_Traces_EventID_11_trace2,[112886]
p_picks_Exp_T019_Run2_Traces_EventID_11_trace3,[115434]
p_picks_Exp_T019_Run2_Traces_EventID_11_trace4,[115567]
p_picks_Exp_T019_Run2_Traces_EventID_11_trace5,[115620]
p_picks_Exp_T019_Run2_Traces_EventID_11_trace6,[116894]
p_picks_Exp_T019_Run2_Traces_EventID_11_trace7,[118062]
p_picks_Exp_T019_Run2_Traces_EventID_11_trace8,[120469]
p_picks_Exp_T019_Run2_Traces_EventID_11_trace9,[121109]
p_picks_Exp_T019_Run2_Traces_EventID_12_trace1,[118227]
p_picks_Exp_T019_Run2_Traces_EventID_12_trace2,[115685]
p_picks_Exp_T019_Run2_Traces_EventID_12_trace3,[116709]
p_picks_Exp_T019_Run2_Traces_EventID_12_trace4,[115480]
p_picks_Exp_T019_Run2_Traces_EventID_12_trace5,[115772]
p_picks_Exp_T019_Run2_Traces_EventID_12_trace6,[116358]
p_picks_Exp_T019_Run2_Traces_EventID_12_trace7,[117968]
p_picks_Exp_T019_Run2_Traces_EventID_12_trace8,[120953]
p_picks_Exp_T019_Run2_Traces_EventID_12_trace9,[120049]
p_picks_Exp_T019_Run2_Traces_EventID_13_trace1,[117938]
p_picks_Exp_T019_Run2_Traces_EventID_13_trace2,[115685]
p_picks_Exp_T019_Run2_Traces_EventID_13_trace3,[117119]
p_picks_Exp_T019_Run2_Traces_EventID_13_trace4,[116563]
p_picks_Exp_T019_Run2_Traces_EventID_13_trace5,[116563]
p_picks_Exp_T019_Run2_Traces_EventID_13_trace6,[117587]
p_picks_Exp_T019_Run2_Traces_EventID_13_trace7,[119051]
p_picks_Exp_T019_Run2_Traces_EventID_13_trace8,[119724]
p_picks_Exp_T019_Run2_Traces_EventID_13_trace9,[121100]
p_picks_Exp_T019_Run2_Traces_EventID_14_trace1,[117587]
p_picks_Exp_T019_Run2_Traces_EventID_14_trace2,[114045]
p_picks_Exp_T019_Run2_Traces_EventID_14_trace3,[117031]
p_picks_Exp_T019_Run2_Traces_EventID_14_trace4,[116065]
p_picks_Exp_T019_Run2_Traces_EventID_14_trace5,[117616]
p_picks_Exp_T019_Run2_Traces_EventID_14_trace6,[113665]
p_picks_Exp_T019_Run2_Traces_EventID_14_trace7,[118055]
p_picks_Exp_T019_Run2_Traces_EventID_14_trace8,[120815]
p_picks_Exp_T019_Run2_Traces_EventID_14_trace9,[120778]
p_picks_Exp_T019_Run2_Traces_EventID_15_trace1,[118465]
p_picks_Exp_T019_Run2_Traces_EventID_15_trace2,[115450]
p_picks_Exp_T019_Run2_Traces_EventID_15_trace3,[119243]
p_picks_Exp_T019_Run2_Traces_EventID_15_trace4,[117412]
p_picks_Exp_T019_Run2_Traces_EventID_15_trace5,[118495]
p_picks_Exp_T019_Run2_Traces_EventID_15_trace6,[114777]
p_picks_Exp_T019_Run2_Traces_EventID_15_trace7,[119724]
p_picks_Exp_T019_Run2_Traces_EventID_15_trace8,[122349]
p_picks_Exp_T019_Run2_Traces_EventID_15_trace9,[122013]
p_picks_Exp_T019_Run2_Traces_EventID_16_trace1,[118522]
p_picks_Exp_T019_Run2_Traces_EventID_16_trace2,[118534]
p_picks_Exp_T019_Run2_Traces_EventID_16_trace3,[118622]
p_picks_Exp_T019_Run2_Traces_EventID_16_trace4,[117385]
p_picks_Exp_T019_Run2_Traces_EventID_16_trace5,[118391]
p_picks_Exp_T019_Run2_Traces_EventID_16_trace6,[119621]
p_picks_Exp_T019_Run2_Traces_EventID_16_trace7,[120217]
p_picks_Exp_T019_Run2_Traces_EventID_16_trace8,[120943]
p_picks_Exp_T019_Run2_Traces_EventID_17_trace1,[118782]
p_picks_Exp_T019_Run2_Traces_EventID_17_trace2,[118950]
p_picks_Exp_T019_Run2_Traces_EventID_17_trace3,[118894]
p_picks_Exp_T019_Run2_Traces_EventID_17_trace4,[113193]
p_picks_Exp_T019_Run2_Traces_EventID_17_trace5,[118465]
p_picks_Exp_T019_Run2_Traces_EventID_17_trace6,[119639]
p_picks_Exp_T019_Run2_Traces_EventID_17_trace7,[118615]
p_picks_Exp_T019_Run2_Traces_EventID_17_trace8,[120515]
p_picks_Exp_T019_Run2_Traces_EventID_18_trace1,[119565]
p_picks_Exp_T019_Run2_Traces_EventID_18_trace2,[119341]
p_picks_Exp_T019_Run2_Traces_EventID_18_trace3,[119770]
p_picks_Exp_T019_Run2_Traces_EventID_18_trace4,[114199]
p_picks_Exp_T019_Run2_Traces_EventID_18_trace5,[118950]
p_picks_Exp_T019_Run2_Traces_EventID_18_trace6,[120347]
p_picks_Exp_T019_Run2_Traces_EventID_18_trace7,[118559]
p_picks_Exp_T019_Run2_Traces_EventID_18_trace8,[120906]
p_picks_Exp_T019_Run2_Traces_EventID_19_trace1,[115876]
p_picks_Exp_T019_Run2_Traces_EventID_19_trace2,[120047]
p_picks_Exp_T019_Run2_Traces_EventID_19_trace3,[120850]
p_picks_Exp_T019_Run2_Traces_EventID_19_trace4,[114181]
p_picks_Exp_T019_Run2_Traces_EventID_19_trace5,[118913]
p_picks_Exp_T019_Run2_Traces_EventID_19_trace6,[120664]
p_picks_Exp_T019_Run2_Traces_EventID_19_trace7,[119285]
p_picks_Exp_T019_Run2_Traces_EventID_19_trace8,[121241]
p_picks_Exp_T019_Run2_Traces_EventID_20_trace1,[116137]
p_picks_Exp_T019_Run2_Traces_EventID_20_trace2,[120496]
p_picks_Exp_T019_Run2_Traces_EventID_20_trace3,[120459]
p_picks_Exp_T019_Run2_Traces_EventID_20_trace4,[114087]
p_picks_Exp_T019_Run2_Traces_EventID_20_trace5,[119043]
p_picks_Exp_T019_Run2_Traces_EventID_20_trace6,[120273]
p_picks_Exp_T019_Run2_Traces_EventID_20_trace7,[118931]
p_picks_Exp_T019_Run2_Traces_EventID_20_trace8,[121428]
p_picks_Exp_T019_Run2_Traces_EventID_21_trace1,[116598]
p_picks_Exp_T019_Run2_Traces_EventID_21_trace2,[120914]
p_picks_Exp_T019_Run2_Traces_EventID_21_trace3,[120890]
p_picks_Exp_T019_Run2_Traces_EventID_21_trace4,[118315]
p_picks_Exp_T019_Run2_Traces_EventID_21_trace5,[119617]
p_picks_Exp_T019_Run2_Traces_EventID_21_trace6,[120705]
p_picks_Exp_T019_Run2_Traces_EventID_21_trace7,[119257]
p_picks_Exp_T019_Run2_Traces_EventID_21_trace8,[120919]
p_picks_Exp_T019_Run2_Traces_EventID_22_trace1,[116737]
p_picks_Exp_T019_Run2_Traces_EventID_22_trace2,[121004]
p_picks_Exp_T019_Run2_Traces_EventID_22_trace3,[121036]
p_picks_Exp_T019_Run2_Traces_EventID_22_trace4,[118128]
p_picks_Exp_T019_Run2_Traces_EventID_22_trace5,[119770]
p_picks_Exp_T019_Run2_Traces_EventID_22_trace6,[120765]
p_picks_Exp_T019_Run2_Traces_EventID_22_trace7,[119776]
p_picks_Exp_T019_Run2_Traces_EventID_22_trace8,[121303]
p_picks_Exp_T019_Run2_Traces_EventID_5_trace1,[112495]
p_picks_Exp_T019_Run2_Traces_EventID_5_trace2,[110779]
p_picks_Exp_T019_Run2_Traces_EventID_5_trace3,[111382]
p_picks_Exp_T019_Run2_Traces_EventID_5_trace4,[112360]
p_picks_Exp_T019_Run2_Traces_EventID_5_trace5,[110134]
p_picks_Exp_T019_Run2_Traces_EventID_5_trace6,[110624]
p_picks_Exp_T019_Run2_Traces_EventID_5_trace7,[111602]
p_picks_Exp_T019_Run2_Traces_EventID_5_trace8,[110306]
p_picks_Exp_T019_Run2_Traces_EventID_5_trace9,[113240]
p_picks_Exp_T019_Run2_Traces_EventID_6_trace1,[120133]
p_picks_Exp_T019_Run2_Traces_EventID_6_trace2,[116211]
p_picks_Exp_T019_Run2_Traces_EventID_6_trace3,[113895]
p_picks_Exp_T019_Run2_Traces_EventID_6_trace4,[117918]
p_picks_Exp_T019_Run2_Traces_EventID_6_trace5,[117939]
p_picks_Exp_T019_Run2_Traces_EventID_6_trace6,[118630]
p_picks_Exp_T019_Run2_Traces_EventID_6_trace7,[118467]
p_picks_Exp_T019_Run2_Traces_EventID_6_trace8,[121779]
p_picks_Exp_T019_Run2_Traces_EventID_6_trace9,[120885]
p_picks_Exp_T019_Run2_Traces_EventID_7_trace1,[116025]
p_picks_Exp_T019_Run2_Traces_EventID_7_trace2,[112188]
p_picks_Exp_T019_Run2_Traces_EventID_7_trace3,[114707]
p_picks_Exp_T019_Run2_Traces_EventID_7_trace4,[115256]
p_picks_Exp_T019_Run2_Traces_EventID_7_trace5,[114159]
p_picks_Exp_T019_Run2_Traces_EventID_7_trace6,[115322]
p_picks_Exp_T019_Run2_Traces_EventID_7_trace7,[115737]
p_picks_Exp_T019_Run2_Traces_EventID_7_trace8,[118075]
p_picks_Exp_T019_Run2_Traces_EventID_7_trace9,[117560]
p_picks_Exp_T019_Run2_Traces_EventID_8_trace1,[115645]
p_picks_Exp_T019_Run2_Traces_EventID_8_trace2,[113133]
p_picks_Exp_T019_Run2_Traces_EventID_8_trace3,[115789]
p_picks_Exp_T019_Run2_Traces_EventID_8_trace4,[114638]
p_picks_Exp_T019_Run2_Traces_EventID_8_trace5,[114306]
p_picks_Exp_T019_Run2_Traces_EventID_8_trace6,[115480]
p_picks_Exp_T019_Run2_Traces_EventID_8_trace7,[117279]
p_picks_Exp_T019_Run2_Traces_EventID_8_trace8,[122169]
p_picks_Exp_T019_Run2_Traces_EventID_8_trace9,[118618]
p_picks_Exp_T019_Run2_Traces_EventID_9_trace1,[116111]
p_picks_Exp_T019_Run2_Traces_EventID_9_trace2,[112527]
p_picks_Exp_T019_Run2_Traces_EventID_9_trace3,[115340]
p_picks_Exp_T019_Run2_Traces_EventID_9_trace4,[113380]
p_picks_Exp_T019_Run2_Traces_EventID_9_trace5,[113900]
p_picks_Exp_T019_Run2_Traces_EventID_9_trace6,[115426]
p_picks_Exp_T019_Run2_Traces_EventID_9_trace7,[116195]
p_picks_Exp_T019_Run2_Traces_EventID_9_trace8,[120914]
p_picks_Exp_T019_Run2_Traces_EventID_9_trace9,[119447]
p_picks_Exp_T019_Run3_Traces_EventID_23_trace1,[121269]
p_picks_Exp_T019_Run3_Traces_EventID_23_trace2,[119410]
p_picks_Exp_T019_Run3_Traces_EventID_23_trace3,[119133]
p_picks_Exp_T019_Run3_Traces_EventID_23_trace4,[117525]
p_picks_Exp_T019_Run3_Traces_EventID_23_trace5,[118999]
p_picks_Exp_T019_Run3_Traces_EventID_23_trace6,[118304]
p_picks_Exp_T019_Run3_Traces_EventID_23_trace7,[118762]
p_picks_Exp_T019_Run3_Traces_EventID_23_trace8,[121564]
p_picks_Exp_T019_Run3_Traces_EventID_24_trace1,[115523]
p_picks_Exp_T019_Run3_Traces_EventID_24_trace2,[121128]
p_picks_Exp_T019_Run3_Traces_EventID_24_trace3,[122204]
p_picks_Exp_T019_Run3_Traces_EventID_24_trace4,[119042]
p_picks_Exp_T019_Run3_Traces_EventID_24_trace5,[119488]
p_picks_Exp_T019_Run3_Traces_EventID_24_trace6,[120093]
p_picks_Exp_T019_Run3_Traces_EventID_24_trace7,[120753]
p_picks_Exp_T019_Run3_Traces_EventID_24_trace8,[122101]
p_picks_Exp_T019_Run3_Traces_EventID_24_trace9,[123023]
p_picks_Exp_T019_Run3_Traces_EventID_25_trace1,[118238]
p_picks_Exp_T019_Run3_Traces_EventID_25_trace2,[121569]
p_picks_Exp_T019_Run3_Traces_EventID_25_trace3,[121755]
p_picks_Exp_T019_Run3_Traces_EventID_25_trace4,[119294]
p_picks_Exp_T019_Run3_Traces_EventID_25_trace5,[119507]
p_picks_Exp_T019_Run3_Traces_EventID_25_trace6,[120949]
p_picks_Exp_T019_Run3_Traces_EventID_25_trace7,[121559]
p_picks_Exp_T019_Run3_Traces_EventID_25_trace8,[122112]
p_picks_Exp_T019_Run3_Traces_EventID_26_trace1,[115854]
p_picks_Exp_T019_Run3_Traces_EventID_26_trace2,[119226]
p_picks_Exp_T019_Run3_Traces_EventID_26_trace3,[119133]
p_picks_Exp_T019_Run3_Traces_EventID_26_trace4,[117059]
p_picks_Exp_T019_Run3_Traces_EventID_26_trace5,[118481]
p_picks_Exp_T019_Run3_Traces_EventID_26_trace6,[118955]
p_picks_Exp_T019_Run3_Traces_EventID_26_trace7,[119193]
p_picks_Exp_T019_Run3_Traces_EventID_26_trace8,[120022]
p_picks_Exp_T019_Run3_Traces_EventID_27_trace1,[113009]
p_picks_Exp_T019_Run3_Traces_EventID_27_trace2,[120338]
p_picks_Exp_T019_Run3_Traces_EventID_27_trace3,[121445]
p_picks_Exp_T019_Run3_Traces_EventID_27_trace4,[118086]
p_picks_Exp_T019_Run3_Traces_EventID_27_trace5,[119311]
p_picks_Exp_T019_Run3_Traces_EventID_27_trace6,[119904]
p_picks_Exp_T019_Run3_Traces_EventID_27_trace7,[120259]
p_picks_Exp_T019_Run3_Traces_EventID_28_trace1,[113088]
p_picks_Exp_T019_Run3_Traces_EventID_28_trace2,[120512]
p_picks_Exp_T019_Run3_Traces_EventID_28_trace3,[121672]
p_picks_Exp_T019_Run3_Traces_EventID_28_trace4,[119031]
p_picks_Exp_T019_Run3_Traces_EventID_28_trace5,[119663]
p_picks_Exp_T019_Run3_Traces_EventID_28_trace6,[119693]
p_picks_Exp_T019_Run3_Traces_EventID_28_trace7,[120369]
p_picks_Exp_T019_Run3_Traces_EventID_29_trace1,[113678]
p_picks_Exp_T019_Run3_Traces_EventID_29_trace2,[112836]
p_picks_Exp_T019_Run3_Traces_EventID_29_trace3,[122221]
p_picks_Exp_T019_Run3_Traces_EventID_29_trace4,[122162]
p_picks_Exp_T019_Run3_Traces_EventID_29_trace5,[120091]
p_picks_Exp_T019_Run3_Traces_EventID_29_trace6,[120351]
p_picks_Exp_T019_Run3_Traces_EventID_29_trace7,[121002]
p_picks_Exp_T019_Run3_Traces_EventID_30_trace1,[114161]
p_picks_Exp_T019_Run3_Traces_EventID_30_trace2,[113479]
p_picks_Exp_T019_Run3_Traces_EventID_30_trace3,[122626]
p_picks_Exp_T019_Run3_Traces_EventID_30_trace4,[122587]
p_picks_Exp_T019_Run3_Traces_EventID_30_trace5,[119820]
p_picks_Exp_T019_Run3_Traces_EventID_30_trace6,[121585]
p_picks_Exp_T019_Run3_Traces_EventID_30_trace7,[121401]
p_picks_Exp_T019_Run3_Traces_EventID_31_trace1,[114458]
p_picks_Exp_T019_Run3_Traces_EventID_31_trace2,[113665]
p_picks_Exp_T019_Run3_Traces_EventID_31_trace3,[122801]
p_picks_Exp_T019_Run3_Traces_EventID_31_trace4,[122758]
p_picks_Exp_T019_Run3_Traces_EventID_31_trace5,[120722]
p_picks_Exp_T019_Run3_Traces_EventID_31_trace6,[121115]
p_picks_Exp_T019_Run3_Traces_EventID_31_trace7,[121689]
p_picks_Exp_T019_Run3_Traces_EventID_32_trace1,[114263]
p_picks_Exp_T019_Run3_Traces_EventID_32_trace2,[113763]
p_picks_Exp_T019_Run3_Traces_EventID_32_trace3,[117866]
p_picks_Exp_T019_Run3_Traces_EventID_32_trace4,[120388]
p_picks_Exp_T019_Run3_Traces_EventID_32_trace5,[120949]
p_picks_Exp_T019_Run3_Traces_EventID_32_trace6,[121448]
p_picks_Exp_T019_Run3_Traces_EventID_32_trace7,[121891]
p_picks_Exp_T019_Run3_Traces_EventID_33_trace1,[114554]
p_picks_Exp_T019_Run3_Traces_EventID_33_trace2,[121596]
p_picks_Exp_T019_Run3_Traces_EventID_33_trace3,[118195]
p_picks_Exp_T019_Run3_Traces_EventID_33_trace4,[120690]
p_picks_Exp_T019_Run3_Traces_EventID_33_trace5,[120893]
p_picks_Exp_T019_Run3_Traces_EventID_33_trace6,[121799]
p_picks_Exp_T019_Run3_Traces_EventID_33_trace7,[122169]
p_picks_Exp_T019_Run3_Traces_EventID_34_trace1,[118546]
p_picks_Exp_T019_Run3_Traces_EventID_34_trace2,[119560]
p_picks_Exp_T019_Run3_Traces_EventID_34_trace3,[121888]
p_picks_Exp_T019_Run3_Traces_EventID_34_trace4,[120927]
p_picks_Exp_T019_Run3_Traces_EventID_34_trace5,[121121]
p_picks_Exp_T019_Run3_Traces_EventID_34_trace6,[124157]
p_picks_Exp_T019_Run3_Traces_EventID_34_trace7,[122365]
p_picks_Exp_T019_Run3_Traces_EventID_35_trace1,[118610]
p_picks_Exp_T019_Run3_Traces_EventID_35_trace2,[119546]
p_picks_Exp_T019_Run3_Traces_EventID_35_trace3,[121760]
p_picks_Exp_T019_Run3_Traces_EventID_35_trace4,[120996]
p_picks_Exp_T019_Run3_Traces_EventID_35_trace5,[121133]
p_picks_Exp_T019_Run3_Traces_EventID_35_trace6,[124146]
p_picks_Exp_T019_Run3_Traces_EventID_35_trace7,[122411]
p_picks_Exp_T019_Run3_Traces_EventID_36_trace1,[118507]
p_picks_Exp_T019_Run3_Traces_EventID_36_trace2,[118581]
p_picks_Exp_T019_Run3_Traces_EventID_36_trace3,[122046]
p_picks_Exp_T019_Run3_Traces_EventID_36_trace4,[121064]
p_picks_Exp_T019_Run3_Traces_EventID_36_trace5,[121247]
p_picks_Exp_T019_Run3_Traces_EventID_36_trace6,[124180]
p_picks_Exp_T019_Run3_Traces_EventID_36_trace7,[124112]
p_picks_Exp_T019_Run3_Traces_EventID_37_trace1,[118462]
p_picks_Exp_T019_Run3_Traces_EventID_37_trace2,[118566]
p_picks_Exp_T019_Run3_Traces_EventID_37_trace3,[121989]
p_picks_Exp_T019_Run3_Traces_EventID_37_trace4,[120950]
p_picks_Exp_T019_Run3_Traces_EventID_37_trace5,[121181]
p_picks_Exp_T019_Run3_Traces_EventID_37_trace6,[123468]
p_picks_Exp_T019_Run3_Traces_EventID_37_trace7,[123395]
p_picks_Exp_T019_Run3_Traces_EventID_38_trace1,[118598]
p_picks_Exp_T019_Run3_Traces_EventID_38_trace2,[118565]
p_picks_Exp_T019_Run3_Traces_EventID_38_trace3,[119977]
p_picks_Exp_T019_Run3_Traces_EventID_38_trace4,[120989]
p_picks_Exp_T019_Run3_Traces_EventID_38_trace5,[121229]
p_picks_Exp_T019_Run3_Traces_EventID_38_trace6,[123624]
p_picks_Exp_T019_Run3_Traces_EventID_38_trace7,[123559]
p_picks_Exp_T019_Run3_Traces_EventID_39_trace1,[118729]
p_picks_Exp_T019_Run3_Traces_EventID_39_trace2,[118868]
p_picks_Exp_T019_Run3_Traces_EventID_39_trace3,[119999]
p_picks_Exp_T019_Run3_Traces_EventID_39_trace4,[121054]
p_picks_Exp_T019_Run3_Traces_EventID_39_trace5,[121176]
p_picks_Exp_T019_Run3_Traces_EventID_39_trace6,[124235]
p_picks_Exp_T019_Run3_Traces_EventID_39_trace7,[124119]
p_picks_Exp_T019_Run3_Traces_EventID_40_trace1,[118701]
p_picks_Exp_T019_Run3_Traces_EventID_40_trace2,[118732]
p_picks_Exp_T019_Run3_Traces_EventID_40_trace3,[118864]
p_picks_Exp_T019_Run3_Traces_EventID_40_trace4,[120697]
p_picks_Exp_T019_Run3_Traces_EventID_40_trace5,[121186]
p_picks_Exp_T019_Run3_Traces_EventID_40_trace6,[124272]
p_picks_Exp_T019_Run3_Traces_EventID_40_trace7,[124109]
p_picks_Exp_T019_Run3_Traces_EventID_41_trace1,[118620]
p_picks_Exp_T019_Run3_Traces_EventID_41_trace2,[118691]
p_picks_Exp_T019_Run3_Traces_EventID_41_trace3,[122031]
p_picks_Exp_T019_Run3_Traces_EventID_41_trace4,[120748]
p_picks_Exp_T019_Run3_Traces_EventID_41_trace5,[121227]
p_picks_Exp_T019_Run3_Traces_EventID_41_trace6,[124272]
p_picks_Exp_T019_Run3_Traces_EventID_42_trace1,[118620]
p_picks_Exp_T019_Run3_Traces_EventID_42_trace2,[118569]
p_picks_Exp_T019_Run3_Traces_EventID_42_trace3,[121879]
p_picks_Exp_T019_Run3_Traces_EventID_42_trace4,[120606]
p_picks_Exp_T019_Run3_Traces_EventID_42_trace5,[121278]
p_picks_Exp_T019_Run3_Traces_EventID_42_trace6,[123534]
p_picks_Exp_T019_Run3_Traces_EventID_43_trace1,[118589]
p_picks_Exp_T019_Run3_Traces_EventID_43_trace2,[118783]
p_picks_Exp_T019_Run3_Traces_EventID_43_trace3,[121807]
p_picks_Exp_T019_Run3_Traces_EventID_43_trace4,[120708]
p_picks_Exp_T019_Run3_Traces_EventID_43_trace5,[121217]
p_picks_Exp_T019_Run3_Traces_EventID_43_trace6,[123767]
p_picks_Exp_T019_Run3_Traces_EventID_44_trace1,[118742]
p_picks_Exp_T019_Run3_Traces_EventID_44_trace2,[118661]
p_picks_Exp_T019_Run3_Traces_EventID_44_trace3,[119913]
p_picks_Exp_T019_Run3_Traces_EventID_44_trace4,[123416]
p_picks_Exp_T019_Run3_Traces_EventID_44_trace5,[120948]
p_picks_Exp_T019_Run3_Traces_EventID_44_trace6,[123752]
p_picks_Exp_T019_Run3_Traces_EventID_45_trace1,[118681]
p_picks_Exp_T019_Run3_Traces_EventID_45_trace2,[118569]
p_picks_Exp_T019_Run3_Traces_EventID_45_trace3,[120035]
p_picks_Exp_T019_Run3_Traces_EventID_45_trace4,[120820]
p_picks_Exp_T019_Run3_Traces_EventID_45_trace5,[121268]
p_picks_Exp_T019_Run3_Traces_EventID_45_trace6,[124363]
p_picks_Exp_T019_Run3_Traces_EventID_46_trace1,[118701]
p_picks_Exp_T019_Run3_Traces_EventID_46_trace2,[118844]
p_picks_Exp_T019_Run3_Traces_EventID_46_trace3,[119964]
p_picks_Exp_T019_Run3_Traces_EventID_46_trace4,[120799]
p_picks_Exp_T019_Run3_Traces_EventID_46_trace5,[121288]
p_picks_Exp_T019_Run3_Traces_EventID_46_trace6,[123599]
p_picks_Exp_T019_Run3_Traces_EventID_47_trace1,[118701]
p_picks_Exp_T019_Run3_Traces_EventID_47_trace2,[118885]
p_picks_Exp_T019_Run3_Traces_EventID_47_trace3,[121767]
p_picks_Exp_T019_Run3_Traces_EventID_47_trace4,[123599]
p_picks_Exp_T019_Run3_Traces_EventID_47_trace5,[121359]
p_picks_Exp_T019_Run3_Traces_EventID_47_trace6,[124434]
p_picks_Exp_T019_Run3_Traces_EventID_48_trace1,[118793]
p_picks_Exp_T019_Run3_Traces_EventID_48_trace2,[118864]
p_picks_Exp_T019_Run3_Traces_EventID_48_trace3,[120127]
p_picks_Exp_T019_Run3_Traces_EventID_48_trace4,[123569]
p_picks_Exp_T019_Run3_Traces_EventID_48_trace5,[121349]
p_picks_Exp_T019_Run3_Traces_EventID_48_trace6,[123783]
p_picks_Exp_T019_Run4_Traces_EventID_49_trace1,[123508]
p_picks_Exp_T019_Run4_Traces_EventID_49_trace2,[124107]
p_picks_Exp_T019_Run4_Traces_EventID_49_trace3,[122677]
p_picks_Exp_T019_Run4_Traces_EventID_49_trace4,[124134]
p_picks_Exp_T019_Run4_Traces_EventID_49_trace5,[124089]
p_picks_Exp_T019_Run4_Traces_EventID_49_trace6,[120836]
p_picks_Exp_T019_Run4_Traces_EventID_49_trace7,[122524]
p_picks_Exp_T019_Run4_Traces_EventID_49_trace8,[122198]
p_picks_Exp_T019_Run4_Traces_EventID_49_trace9,[121985]
p_picks_Exp_T019_Run4_Traces_EventID_50_trace1,[117984]
p_picks_Exp_T019_Run4_Traces_EventID_50_trace2,[123958]
p_picks_Exp_T019_Run4_Traces_EventID_50_trace3,[122495]
p_picks_Exp_T019_Run4_Traces_EventID_50_trace4,[123953]
p_picks_Exp_T019_Run4_Traces_EventID_50_trace5,[124062]
p_picks_Exp_T019_Run4_Traces_EventID_50_trace6,[124305]
p_picks_Exp_T019_Run4_Traces_EventID_50_trace7,[124457]
p_picks_Exp_T019_Run4_Traces_EventID_50_trace8,[124418]
p_picks_Exp_T019_Run4_Traces_EventID_50_trace9,[124398]
p_picks_Exp_T019_Run4_Traces_EventID_51_trace1,[117902]
p_picks_Exp_T019_Run4_Traces_EventID_51_trace2,[123920]
p_picks_Exp_T019_Run4_Traces_EventID_51_trace3,[123929]
p_picks_Exp_T019_Run4_Traces_EventID_51_trace4,[123942]
p_picks_Exp_T019_Run4_Traces_EventID_51_trace5,[121639]
p_picks_Exp_T019_Run4_Traces_EventID_51_trace6,[124403]
p_picks_Exp_T019_Run4_Traces_EventID_51_trace7,[124383]
p_picks_Exp_T019_Run4_Traces_EventID_51_trace8,[124429]
p_picks_Exp_T019_Run4_Traces_EventID_51_trace9,[124376]
p_picks_Exp_T019_Run4_Traces_EventID_52_trace1,[117881]
p_picks_Exp_T019_Run4_Traces_EventID_52_trace2,[123874]
p_picks_Exp_T019_Run4_Traces_EventID_52_trace3,[123863]
p_picks_Exp_T019_Run4_Traces_EventID_52_trace4,[123896]
p_picks_Exp_T019_Run4_Traces_EventID_52_trace5,[121331]
p_picks_Exp_T019_Run4_Traces_EventID_52_trace6,[124375]
p_picks_Exp_T019_Run4_Traces_EventID_52_trace7,[124446]
p_picks_Exp_T019_Run4_Traces_EventID_52_trace8,[124416]
p_picks_Exp_T019_Run4_Traces_EventID_52_trace9,[124384]
p_picks_Exp_T019_Run4_Traces_EventID_53_trace1,[124443]
p_picks_Exp_T019_Run4_Traces_EventID_53_trace2,[124072]
p_picks_Exp_T019_Run4_Traces_EventID_53_trace3,[124153]
p_picks_Exp_T019_Run4_Traces_EventID_53_trace4,[124024]
p_picks_Exp_T019_Run4_Traces_EventID_53_trace5,[121230]
p_picks_Exp_T019_Run4_Traces_EventID_53_trace6,[121719]
p_picks_Exp_T019_Run4_Traces_EventID_53_trace7,[121174]
p_picks_Exp_T019_Run4_Traces_EventID_53_trace8,[123306]
p_picks_Exp_T019_Run4_Traces_EventID_53_trace9,[123799]
p_picks_Exp_T019_Run4_Traces_EventID_54_trace1,[124001]
p_picks_Exp_T019_Run4_Traces_EventID_54_trace2,[124048]
p_picks_Exp_T019_Run4_Traces_EventID_54_trace3,[124114]
p_picks_Exp_T019_Run4_Traces_EventID_54_trace4,[121134]
p_picks_Exp_T019_Run4_Traces_EventID_54_trace5,[121352]
p_picks_Exp_T019_Run4_Traces_EventID_54_trace6,[118610]
p_picks_Exp_T019_Run4_Traces_EventID_54_trace7,[121925]
p_picks_Exp_T019_Run4_Traces_EventID_54_trace8,[123550]
p_picks_Exp_T019_Run4_Traces_EventID_54_trace9,[123757]
p_picks_Exp_T019_Run4_Traces_EventID_55_trace1,[124029]
p_picks_Exp_T019_Run4_Traces_EventID_55_trace2,[124078]
p_picks_Exp_T019_Run4_Traces_EventID_55_trace3,[124030]
p_picks_Exp_T019_Run4_Traces_EventID_55_trace4,[120857]
p_picks_Exp_T019_Run4_Traces_EventID_55_trace5,[121337]
p_picks_Exp_T019_Run4_Traces_EventID_55_trace6,[118650]
p_picks_Exp_T019_Run4_Traces_EventID_55_trace7,[121927]
p_picks_Exp_T019_Run4_Traces_EventID_55_trace8,[123666]
p_picks_Exp_T019_Run4_Traces_EventID_55_trace9,[123742]
p_picks_Exp_T019_Run4_Traces_EventID_56_trace1,[124388]
p_picks_Exp_T019_Run4_Traces_EventID_56_trace2,[124269]
p_picks_Exp_T019_Run4_Traces_EventID_56_trace3,[124168]
p_picks_Exp_T019_Run4_Traces_EventID_56_trace4,[119741]
p_picks_Exp_T019_Run4_Traces_EventID_56_trace5,[120170]
p_picks_Exp_T019_Run4_Traces_EventID_56_trace6,[117721]
p_picks_Exp_T019_Run4_Traces_EventID_56_trace7,[121066]
p_picks_Exp_T019_Run4_Traces_EventID_56_trace8,[123790]
p_picks_Exp_T019_Run4_Traces_EventID_56_trace9,[123848]
p_picks_Exp_T019_Run4_Traces_EventID_57_trace1,[123925]
p_picks_Exp_T019_Run4_Traces_EventID_57_trace2,[124377]
p_picks_Exp_T019_Run4_Traces_EventID_57_trace3,[123551]
p_picks_Exp_T019_Run4_Traces_EventID_57_trace4,[120762]
p_picks_Exp_T019_Run4_Traces_EventID_57_trace5,[120623]
p_picks_Exp_T019_Run4_Traces_EventID_57_trace6,[118109]
p_picks_Exp_T019_Run4_Traces_EventID_57_trace7,[122101]
p_picks_Exp_T019_Run4_Traces_EventID_57_trace8,[123804]
p_picks_Exp_T019_Run4_Traces_EventID_57_trace9,[123856]
p_picks_Exp_T019_Run4_Traces_EventID_58_trace1,[117575]
p_picks_Exp_T019_Run4_Traces_EventID_58_trace2,[123829]
p_picks_Exp_T019_Run4_Traces_EventID_58_trace3,[123837]
p_picks_Exp_T019_Run4_Traces_EventID_58_trace4,[123802]
p_picks_Exp_T019_Run4_Traces_EventID_58_trace5,[124393]
p_picks_Exp_T019_Run4_Traces_EventID_58_trace6,[124467]
p_picks_Exp_T019_Run4_Traces_EventID_58_trace7,[124386]
p_picks_Exp_T019_Run4_Traces_EventID_58_trace8,[124398]
p_picks_Exp_T019_Run4_Traces_EventID_58_trace9,[124390]
p_picks_Exp_T019_Run4_Traces_EventID_59_trace1,[124059]
p_picks_Exp_T019_Run4_Traces_EventID_59_trace2,[123838]
p_picks_Exp_T019_Run4_Traces_EventID_59_trace3,[123571]
p_picks_Exp_T019_Run4_Traces_EventID_59_trace4,[120555]
p_picks_Exp_T019_Run4_Traces_EventID_59_trace5,[121016]
p_picks_Exp_T019_Run4_Traces_EventID_59_trace6,[118293]
p_picks_Exp_T019_Run4_Traces_EventID_59_trace7,[121696]
p_picks_Exp_T019_Run4_Traces_EventID_59_trace8,[122909]
p_picks_Exp_T019_Run4_Traces_EventID_59_trace9,[123956]
p_picks_Exp_T019_Run4_Traces_EventID_60_trace1,[117801]
p_picks_Exp_T019_Run4_Traces_EventID_60_trace2,[123731]
p_picks_Exp_T019_Run4_Traces_EventID_60_trace3,[123845]
p_picks_Exp_T019_Run4_Traces_EventID_60_trace4,[123820]
p_picks_Exp_T019_Run4_Traces_EventID_60_trace5,[124229]
p_picks_Exp_T019_Run4_Traces_EventID_60_trace6,[124441]
p_picks_Exp_T019_Run4_Traces_EventID_60_trace7,[124355]
p_picks_Exp_T019_Run4_Traces_EventID_60_trace8,[124348]
p_picks_Exp_T019_Run4_Traces_EventID_60_trace9,[124312]
p_picks_Exp_T019_Run4_Traces_EventID_61_trace1,[124059]
p_picks_Exp_T019_Run4_Traces_EventID_61_trace2,[123831]
p_picks_Exp_T019_Run4_Traces_EventID_61_trace3,[123626]
p_picks_Exp_T019_Run4_Traces_EventID_61_trace4,[120596]
p_picks_Exp_T019_Run4_Traces_EventID_61_trace5,[121029]
p_picks_Exp_T019_Run4_Traces_EventID_61_trace6,[120452]
p_picks_Exp_T019_Run4_Traces_EventID_61_trace7,[121774]
p_picks_Exp_T019_Run4_Traces_EventID_61_trace8,[122436]
p_picks_Exp_T019_Run4_Traces_EventID_61_trace9,[123987]
p_picks_Exp_T019_Run4_Traces_EventID_62_trace1,[117841]
p_picks_Exp_T019_Run4_Traces_EventID_62_trace2,[117802]
p_picks_Exp_T019_Run4_Traces_EventID_62_trace3,[123561]
p_picks_Exp_T019_Run4_Traces_EventID_62_trace4,[123429]
p_picks_Exp_T019_Run4_Traces_EventID_62_trace5,[123837]
p_picks_Exp_T019_Run4_Traces_EventID_62_trace6,[124412]
p_picks_Exp_T019_Run4_Traces_EventID_62_trace7,[124329]
p_picks_Exp_T019_Run4_Traces_EventID_62_trace8,[124240]
p_picks_Exp_T019_Run4_Traces_EventID_62_trace9,[124347]
p_picks_Exp_T019_Run4_Traces_EventID_63_trace1,[124271]
p_picks_Exp_T019_Run4_Traces_EventID_63_trace2,[123848]
p_picks_Exp_T019_Run4_Traces_EventID_63_trace3,[123631]
p_picks_Exp_T019_Run4_Traces_EventID_63_trace4,[120694]
p_picks_Exp_T019_Run4_Traces_EventID_63_trace5,[121195]
p_picks_Exp_T019_Run4_Traces_EventID_63_trace6,[118519]
p_picks_Exp_T019_Run4_Traces_EventID_63_trace7,[121870]
p_picks_Exp_T019_Run4_Traces_EventID_63_trace8,[122583]
p_picks_Exp_T019_Run4_Traces_EventID_63_trace9,[123969]
p_picks_Exp_T019_Run4_Traces_EventID_64_trace1,[117856]
p_picks_Exp_T019_Run4_Traces_EventID_64_trace2,[123600]
p_picks_Exp_T019_Run4_Traces_EventID_64_trace3,[123519]
p_picks_Exp_T019_Run4_Traces_EventID_64_trace4,[123538]
p_picks_Exp_T019_Run4_Traces_EventID_64_trace5,[124065]
p_picks_Exp_T019_Run4_Traces_EventID_64_trace6,[124021]
p_picks_Exp_T019_Run4_Traces_EventID_64_trace7,[124182]
p_picks_Exp_T019_Run4_Traces_EventID_64_trace8,[124164]
p_picks_Exp_T019_Run4_Traces_EventID_64_trace9,[124368]
p_picks_Exp_T019_Run4_Traces_EventID_65_trace1,[124411]
p_picks_Exp_T019_Run4_Traces_EventID_65_trace2,[124040]
p_picks_Exp_T019_Run4_Traces_EventID_65_trace3,[123811]
p_picks_Exp_T019_Run4_Traces_EventID_65_trace4,[120823]
p_picks_Exp_T019_Run4_Traces_EventID_65_trace5,[121361]
p_picks_Exp_T019_Run4_Traces_EventID_65_trace6,[118514]
p_picks_Exp_T019_Run4_Traces_EventID_65_trace7,[122035]
p_picks_Exp_T019_Run4_Traces_EventID_65_trace8,[122689]
p_picks_Exp_T019_Run4_Traces_EventID_65_trace9,[124065]
p_picks_Exp_T019_Run4_Traces_EventID_66_trace1,[117869]
p_picks_Exp_T019_Run4_Traces_EventID_66_trace2,[117853]
p_picks_Exp_T019_Run4_Traces_EventID_66_trace3,[123557]
p_picks_Exp_T019_Run4_Traces_EventID_66_trace4,[123546]
p_picks_Exp_T019_Run4_Traces_EventID_66_trace5,[124078]
p_picks_Exp_T019_Run4_Traces_EventID_66_trace6,[124015]
p_picks_Exp_T019_Run4_Traces_EventID_66_trace7,[124249]
p_picks_Exp_T019_Run4_Traces_EventID_66_trace8,[124298]
p_picks_Exp_T019_Run4_Traces_EventID_66_trace9,[124355]
p_picks_Exp_T019_Run4_Traces_EventID_67_trace1,[118226]
p_picks_Exp_T019_Run4_Traces_EventID_67_trace2,[123701]
p_picks_Exp_T019_Run4_Traces_EventID_67_trace3,[123593]
p_picks_Exp_T019_Run4_Traces_EventID_67_trace4,[123557]
p_picks_Exp_T019_Run4_Traces_EventID_67_trace5,[124182]
p_picks_Exp_T019_Run4_Traces_EventID_67_trace6,[124122]
p_picks_Exp_T019_Run4_Traces_EventID_67_trace7,[124242]
p_picks_Exp_T019_Run4_Traces_EventID_67_trace8,[124386]
p_picks_Exp_T019_Run4_Traces_EventID_67_trace9,[124342]
p_picks_Exp_T019_Run4_Traces_EventID_68_trace1,[124446]
p_picks_Exp_T019_Run4_Traces_EventID_68_trace2,[124089]
p_picks_Exp_T019_Run4_Traces_EventID_68_trace3,[123637]
p_picks_Exp_T019_Run4_Traces_EventID_68_trace4,[120966]
p_picks_Exp_T019_Run4_Traces_EventID_68_trace5,[121417]
p_picks_Exp_T019_Run4_Traces_EventID_68_trace6,[120899]
p_picks_Exp_T019_Run4_Traces_EventID_68_trace7,[122140]
p_picks_Exp_T019_Run4_Traces_EventID_68_trace8,[123043]
p_picks_Exp_T019_Run4_Traces_EventID_68_trace9,[124133]
p_picks_Exp_T019_Run4_Traces_EventID_69_trace1,[117911]
p_picks_Exp_T019_Run4_Traces_EventID_69_trace2,[117671]
p_picks_Exp_T019_Run4_Traces_EventID_69_trace3,[123595]
p_picks_Exp_T019_Run4_Traces_EventID_69_trace4,[123636]
p_picks_Exp_T019_Run4_Traces_EventID_69_trace5,[123960]
p_picks_Exp_T019_Run4_Traces_EventID_69_trace6,[124262]
p_picks_Exp_T019_Run4_Traces_EventID_69_trace7,[124184]
p_picks_Exp_T019_Run4_Traces_EventID_69_trace8,[124192]
p_picks_Exp_T019_Run4_Traces_EventID_69_trace9,[124370]
p_picks_Exp_T019_Run4_Traces_EventID_70_trace1,[124161]
p_picks_Exp_T019_Run4_Traces_EventID_70_trace2,[124076]
p_picks_Exp_T019_Run4_Traces_EventID_70_trace3,[123526]
p_picks_Exp_T019_Run4_Traces_EventID_70_trace4,[120800]
p_picks_Exp_T019_Run4_Traces_EventID_70_trace5,[121404]
p_picks_Exp_T019_Run4_Traces_EventID_70_trace6,[118686]
p_picks_Exp_T019_Run4_Traces_EventID_70_trace7,[122011]
p_picks_Exp_T019_Run4_Traces_EventID_70_trace8,[122798]
p_picks_Exp_T019_Run4_Traces_EventID_70_trace9,[124122]
p_picks_Exp_T019_Run4_Traces_EventID_71_trace1,[117754]
p_picks_Exp_T019_Run4_Traces_EventID_71_trace2,[117739]
p_picks_Exp_T019_Run4_Traces_EventID_71_trace3,[123625]
p_picks_Exp_T019_Run4_Traces_EventID_71_trace4,[123635]
p_picks_Exp_T019_Run4_Traces_EventID_71_trace5,[123962]
p_picks_Exp_T019_Run4_Traces_EventID_71_trace6,[124020]
p_picks_Exp_T019_Run4_Traces_EventID_71_trace7,[123943]
p_picks_Exp_T019_Run4_Traces_EventID_71_trace8,[124357]
p_picks_Exp_T019_Run4_Traces_EventID_71_trace9,[124385]
p_picks_Exp_T019_Run4_Traces_EventID_72_trace1,[124434]
p_picks_Exp_T019_Run4_Traces_EventID_72_trace2,[123549]
p_picks_Exp_T019_Run4_Traces_EventID_72_trace3,[123568]
p_picks_Exp_T019_Run4_Traces_EventID_72_trace4,[120816]
p_picks_Exp_T019_Run4_Traces_EventID_72_trace5,[121403]
p_picks_Exp_T019_Run4_Traces_EventID_72_trace6,[120884]
p_picks_Exp_T019_Run4_Traces_EventID_72_trace7,[122154]
p_picks_Exp_T019_Run4_Traces_EventID_72_trace8,[123058]
p_picks_Exp_T019_Run4_Traces_EventID_72_trace9,[124164]
p_picks_Exp_T019_Run5_Traces_EventID_100_trace1,[123529]
p_picks_Exp_T019_Run5_Traces_EventID_100_trace2,[124472]
p_picks_Exp_T019_Run5_Traces_EventID_100_trace3,[124510]
p_picks_Exp_T019_Run5_Traces_EventID_100_trace4,[121519]
p_picks_Exp_T019_Run5_Traces_EventID_100_trace5,[122041]
p_picks_Exp_T019_Run5_Traces_EventID_100_trace6,[124573]
p_picks_Exp_T019_Run5_Traces_EventID_100_trace7,[124553]
p_picks_Exp_T019_Run5_Traces_EventID_100_trace8,[124530]
p_picks_Exp_T019_Run5_Traces_EventID_100_trace9,[124510]
p_picks_Exp_T019_Run5_Traces_EventID_101_trace1,[123558]
p_picks_Exp_T019_Run5_Traces_EventID_101_trace2,[124528]
p_picks_Exp_T019_Run5_Traces_EventID_101_trace3,[124486]
p_picks_Exp_T019_Run5_Traces_EventID_101_trace4,[121519]
p_picks_Exp_T019_Run5_Traces_EventID_101_trace5,[122031]
p_picks_Exp_T019_Run5_Traces_EventID_101_trace6,[124587]
p_picks_Exp_T019_Run5_Traces_EventID_101_trace7,[124568]
p_picks_Exp_T019_Run5_Traces_EventID_101_trace8,[124504]
p_picks_Exp_T019_Run5_Traces_EventID_101_trace9,[124481]
p_picks_Exp_T019_Run5_Traces_EventID_102_trace1,[123533]
p_picks_Exp_T019_Run5_Traces_EventID_102_trace2,[124528]
p_picks_Exp_T019_Run5_Traces_EventID_102_trace3,[124496]
p_picks_Exp_T019_Run5_Traces_EventID_102_trace4,[121514]
p_picks_Exp_T019_Run5_Traces_EventID_102_trace5,[122024]
p_picks_Exp_T019_Run5_Traces_EventID_102_trace6,[124588]
p_picks_Exp_T019_Run5_Traces_EventID_102_trace7,[124552]
p_picks_Exp_T019_Run5_Traces_EventID_102_trace8,[124545]
p_picks_Exp_T019_Run5_Traces_EventID_102_trace9,[124532]
p_picks_Exp_T019_Run5_Traces_EventID_103_trace1,[123522]
p_picks_Exp_T019_Run5_Traces_EventID_103_trace2,[124473]
p_picks_Exp_T019_Run5_Traces_EventID_103_trace3,[124520]
p_picks_Exp_T019_Run5_Traces_EventID_103_trace4,[121523]
p_picks_Exp_T019_Run5_Traces_EventID_103_trace5,[122052]
p_picks_Exp_T019_Run5_Traces_EventID_103_trace6,[124561]
p_picks_Exp_T019_Run5_Traces_EventID_103_trace7,[124486]
p_picks_Exp_T019_Run5_Traces_EventID_103_trace8,[124482]
p_picks_Exp_T019_Run5_Traces_EventID_103_trace9,[124472]
p_picks_Exp_T019_Run5_Traces_EventID_104_trace1,[123534]
p_picks_Exp_T019_Run5_Traces_EventID_104_trace2,[124509]
p_picks_Exp_T019_Run5_Traces_EventID_104_trace3,[124508]
p_picks_Exp_T019_Run5_Traces_EventID_104_trace4,[121517]
p_picks_Exp_T019_Run5_Traces_EventID_104_trace5,[122052]
p_picks_Exp_T019_Run5_Traces_EventID_104_trace6,[124579]
p_picks_Exp_T019_Run5_Traces_EventID_104_trace7,[124566]
p_picks_Exp_T019_Run5_Traces_EventID_104_trace8,[124536]
p_picks_Exp_T019_Run5_Traces_EventID_104_trace9,[124510]
p_picks_Exp_T019_Run5_Traces_EventID_105_trace1,[123548]
p_picks_Exp_T019_Run5_Traces_EventID_105_trace2,[124513]
p_picks_Exp_T019_Run5_Traces_EventID_105_trace3,[124513]
p_picks_Exp_T019_Run5_Traces_EventID_105_trace4,[121520]
p_picks_Exp_T019_Run5_Traces_EventID_105_trace5,[122020]
p_picks_Exp_T019_Run5_Traces_EventID_105_trace6,[124562]
p_picks_Exp_T019_Run5_Traces_EventID_105_trace7,[124537]
p_picks_Exp_T019_Run5_Traces_EventID_105_trace8,[124503]
p_picks_Exp_T019_Run5_Traces_EventID_105_trace9,[124521]
p_picks_Exp_T019_Run5_Traces_EventID_106_trace1,[123533]
p_picks_Exp_T019_Run5_Traces_EventID_106_trace2,[124479]
p_picks_Exp_T019_Run5_Traces_EventID_106_trace3,[124483]
p_picks_Exp_T019_Run5_Traces_EventID_106_trace4,[121535]
p_picks_Exp_T019_Run5_Traces_EventID_106_trace5,[122010]
p_picks_Exp_T019_Run5_Traces_EventID_106_trace6,[124557]
p_picks_Exp_T019_Run5_Traces_EventID_106_trace7,[124521]
p_picks_Exp_T019_Run5_Traces_EventID_106_trace8,[124521]
p_picks_Exp_T019_Run5_Traces_EventID_106_trace9,[124528]
p_picks_Exp_T019_Run5_Traces_EventID_107_trace1,[123530]
p_picks_Exp_T019_Run5_Traces_EventID_107_trace2,[124525]
p_picks_Exp_T019_Run5_Traces_EventID_107_trace3,[124501]
p_picks_Exp_T019_Run5_Traces_EventID_107_trace4,[121530]
p_picks_Exp_T019_Run5_Traces_EventID_107_trace5,[122032]
p_picks_Exp_T019_Run5_Traces_EventID_107_trace6,[124578]
p_picks_Exp_T019_Run5_Traces_EventID_107_trace7,[124568]
p_picks_Exp_T019_Run5_Traces_EventID_107_trace8,[124552]
p_picks_Exp_T019_Run5_Traces_EventID_107_trace9,[124542]
p_picks_Exp_T019_Run5_Traces_EventID_108_trace1,[123569]
p_picks_Exp_T019_Run5_Traces_EventID_108_trace2,[124526]
p_picks_Exp_T019_Run5_Traces_EventID_108_trace3,[124531]
p_picks_Exp_T019_Run5_Traces_EventID_108_trace4,[121533]
p_picks_Exp_T019_Run5_Traces_EventID_108_trace5,[122041]
p_picks_Exp_T019_Run5_Traces_EventID_108_trace6,[124588]
p_picks_Exp_T019_Run5_Traces_EventID_108_trace7,[124534]
p_picks_Exp_T019_Run5_Traces_EventID_108_trace8,[124550]
p_picks_Exp_T019_Run5_Traces_EventID_108_trace9,[124528]
p_picks_Exp_T019_Run5_Traces_EventID_109_trace1,[123563]
p_picks_Exp_T019_Run5_Traces_EventID_109_trace2,[124546]
p_picks_Exp_T019_Run5_Traces_EventID_109_trace3,[124523]
p_picks_Exp_T019_Run5_Traces_EventID_109_trace4,[121529]
p_picks_Exp_T019_Run5_Traces_EventID_109_trace5,[122038]
p_picks_Exp_T019_Run5_Traces_EventID_109_trace6,[124595]
p_picks_Exp_T019_Run5_Traces_EventID_109_trace7,[124547]
p_picks_Exp_T019_Run5_Traces_EventID_109_trace8,[124527]
p_picks_Exp_T019_Run5_Traces_EventID_109_trace9,[124511]
p_picks_Exp_T019_Run5_Traces_EventID_110_trace1,[123587]
p_picks_Exp_T019_Run5_Traces_EventID_110_trace2,[124554]
p_picks_Exp_T019_Run5_Traces_EventID_110_trace3,[124554]
p_picks_Exp_T019_Run5_Traces_EventID_110_trace4,[121538]
p_picks_Exp_T019_Run5_Traces_EventID_110_trace5,[122035]
p_picks_Exp_T019_Run5_Traces_EventID_110_trace6,[124592]
p_picks_Exp_T019_Run5_Traces_EventID_110_trace7,[124561]
p_picks_Exp_T019_Run5_Traces_EventID_110_trace8,[124539]
p_picks_Exp_T019_Run5_Traces_EventID_110_trace9,[124529]
p_picks_Exp_T019_Run5_Traces_EventID_111_trace1,[123580]
p_picks_Exp_T019_Run5_Traces_EventID_111_trace2,[124554]
p_picks_Exp_T019_Run5_Traces_EventID_111_trace3,[124512]
p_picks_Exp_T019_Run5_Traces_EventID_111_trace4,[121517]
p_picks_Exp_T019_Run5_Traces_EventID_111_trace5,[122025]
p_picks_Exp_T019_Run5_Traces_EventID_111_trace6,[124585]
p_picks_Exp_T019_Run5_Traces_EventID_111_trace7,[124547]
p_picks_Exp_T019_Run5_Traces_EventID_111_trace8,[124529]
p_picks_Exp_T019_Run5_Traces_EventID_111_trace9,[124537]
p_picks_Exp_T019_Run5_Traces_EventID_112_trace1,[123579]
p_picks_Exp_T019_Run5_Traces_EventID_112_trace2,[124512]
p_picks_Exp_T019_Run5_Traces_EventID_112_trace3,[124501]
p_picks_Exp_T019_Run5_Traces_EventID_112_trace4,[121514]
p_picks_Exp_T019_Run5_Traces_EventID_112_trace5,[122018]
p_picks_Exp_T019_Run5_Traces_EventID_112_trace6,[124577]
p_picks_Exp_T019_Run5_Traces_EventID_112_trace7,[124547]
p_picks_Exp_T019_Run5_Traces_EventID_112_trace8,[124524]
p_picks_Exp_T019_Run5_Traces_EventID_112_trace9,[124529]
p_picks_Exp_T019_Run5_Traces_EventID_113_trace1,[123596]
p_picks_Exp_T019_Run5_Traces_EventID_113_trace2,[124512]
p_picks_Exp_T019_Run5_Traces_EventID_113_trace3,[124478]
p_picks_Exp_T019_Run5_Traces_EventID_113_trace4,[121517]
p_picks_Exp_T019_Run5_Traces_EventID_113_trace5,[122037]
p_picks_Exp_T019_Run5_Traces_EventID_113_trace6,[124581]
p_picks_Exp_T019_Run5_Traces_EventID_113_trace7,[124512]
p_picks_Exp_T019_Run5_Traces_EventID_113_trace8,[124512]
p_picks_Exp_T019_Run5_Traces_EventID_113_trace9,[124478]
p_picks_Exp_T019_Run5_Traces_EventID_114_trace1,[123569]
p_picks_Exp_T019_Run5_Traces_EventID_114_trace2,[124512]
p_picks_Exp_T019_Run5_Traces_EventID_114_trace3,[124478]
p_picks_Exp_T019_Run5_Traces_EventID_114_trace4,[121507]
p_picks_Exp_T019_Run5_Traces_EventID_114_trace5,[122024]
p_picks_Exp_T019_Run5_Traces_EventID_114_trace6,[124545]
p_picks_Exp_T019_Run5_Traces_EventID_114_trace7,[124534]
p_picks_Exp_T019_Run5_Traces_EventID_114_trace8,[124489]
p_picks_Exp_T019_Run5_Traces_EventID_114_trace9,[124512]
p_picks_Exp_T019_Run5_Traces_EventID_115_trace1,[123596]
p_picks_Exp_T019_Run5_Traces_EventID_115_trace2,[124490]
p_picks_Exp_T019_Run5_Traces_EventID_115_trace3,[124502]
p_picks_Exp_T019_Run5_Traces_EventID_115_trace4,[121518]
p_picks_Exp_T019_Run5_Traces_EventID_115_trace5,[122047]
p_picks_Exp_T019_Run5_Traces_EventID_115_trace6,[124537]
p_picks_Exp_T019_Run5_Traces_EventID_115_trace7,[124490]
p_picks_Exp_T019_Run5_Traces_EventID_115_trace8,[124485]
p_picks_Exp_T019_Run5_Traces_EventID_115_trace9,[124474]
p_picks_Exp_T019_Run5_Traces_EventID_116_trace1,[123574]
p_picks_Exp_T019_Run5_Traces_EventID_116_trace2,[124508]
p_picks_Exp_T019_Run5_Traces_EventID_116_trace3,[124520]
p_picks_Exp_T019_Run5_Traces_EventID_116_trace4,[121502]
p_picks_Exp_T019_Run5_Traces_EventID_116_trace5,[121998]
p_picks_Exp_T019_Run5_Traces_EventID_116_trace6,[124559]
p_picks_Exp_T019_Run5_Traces_EventID_116_trace7,[124472]
p_picks_Exp_T019_Run5_Traces_EventID_116_trace8,[124520]
p_picks_Exp_T019_Run5_Traces_EventID_116_trace9,[124464]
p_picks_Exp_T019_Run5_Traces_EventID_117_trace1,[123574]
p_picks_Exp_T019_Run5_Traces_EventID_117_trace2,[124520]
p_picks_Exp_T019_Run5_Traces_EventID_117_trace3,[124536]
p_picks_Exp_T019_Run5_Traces_EventID_117_trace4,[121529]
p_picks_Exp_T019_Run5_Traces_EventID_117_trace5,[122014]
p_picks_Exp_T019_Run5_Traces_EventID_117_trace6,[124547]
p_picks_Exp_T019_Run5_Traces_EventID_117_trace7,[124520]
p_picks_Exp_T019_Run5_Traces_EventID_117_trace8,[124464]
p_picks_Exp_T019_Run5_Traces_EventID_117_trace9,[124443]
p_picks_Exp_T019_Run5_Traces_EventID_73_trace1,[123783]
p_picks_Exp_T019_Run5_Traces_EventID_73_trace2,[124473]
p_picks_Exp_T019_Run5_Traces_EventID_73_trace3,[124508]
p_picks_Exp_T019_Run5_Traces_EventID_73_trace4,[121340]
p_picks_Exp_T019_Run5_Traces_EventID_73_trace5,[122010]
p_picks_Exp_T019_Run5_Traces_EventID_73_trace6,[124560]
p_picks_Exp_T019_Run5_Traces_EventID_73_trace7,[124479]
p_picks_Exp_T019_Run5_Traces_EventID_73_trace8,[124472]
p_picks_Exp_T019_Run5_Traces_EventID_73_trace9,[124535]
p_picks_Exp_T019_Run5_Traces_EventID_74_trace1,[123808]
p_picks_Exp_T019_Run5_Traces_EventID_74_trace2,[124493]
p_picks_Exp_T019_Run5_Traces_EventID_74_trace3,[124457]
p_picks_Exp_T019_Run5_Traces_EventID_74_trace4,[121318]
p_picks_Exp_T019_Run5_Traces_EventID_74_trace5,[122025]
p_picks_Exp_T019_Run5_Traces_EventID_74_trace6,[124570]
p_picks_Exp_T019_Run5_Traces_EventID_74_trace7,[124555]
p_picks_Exp_T019_Run5_Traces_EventID_74_trace8,[124517]
p_picks_Exp_T019_Run5_Traces_EventID_74_trace9,[124517]
p_picks_Exp_T019_Run5_Traces_EventID_75_trace1,[123776]
p_picks_Exp_T019_Run5_Traces_EventID_75_trace2,[124523]
p_picks_Exp_T019_Run5_Traces_EventID_75_trace3,[123755]
p_picks_Exp_T019_Run5_Traces_EventID_75_trace4,[121337]
p_picks_Exp_T019_Run5_Traces_EventID_75_trace5,[122011]
p_picks_Exp_T019_Run5_Traces_EventID_75_trace6,[124576]
p_picks_Exp_T019_Run5_Traces_EventID_75_trace7,[124548]
p_picks_Exp_T019_Run5_Traces_EventID_75_trace8,[124560]
p_picks_Exp_T019_Run5_Traces_EventID_75_trace9,[124513]
p_picks_Exp_T019_Run5_Traces_EventID_76_trace1,[123722]
p_picks_Exp_T019_Run5_Traces_EventID_76_trace2,[124480]
p_picks_Exp_T019_Run5_Traces_EventID_76_trace3,[124475]
p_picks_Exp_T019_Run5_Traces_EventID_76_trace4,[121340]
p_picks_Exp_T019_Run5_Traces_EventID_76_trace5,[122003]
p_picks_Exp_T019_Run5_Traces_EventID_76_trace6,[124562]
p_picks_Exp_T019_Run5_Traces_EventID_76_trace7,[124532]
p_picks_Exp_T019_Run5_Traces_EventID_76_trace8,[124522]
p_picks_Exp_T019_Run5_Traces_EventID_76_trace9,[124527]
p_picks_Exp_T019_Run5_Traces_EventID_77_trace1,[123771]
p_picks_Exp_T019_Run5_Traces_EventID_77_trace2,[124490]
p_picks_Exp_T019_Run5_Traces_EventID_77_trace3,[124494]
p_picks_Exp_T019_Run5_Traces_EventID_77_trace4,[121320]
p_picks_Exp_T019_Run5_Traces_EventID_77_trace5,[122000]
p_picks_Exp_T019_Run5_Traces_EventID_77_trace6,[124555]
p_picks_Exp_T019_Run5_Traces_EventID_77_trace7,[124480]
p_picks_Exp_T019_Run5_Traces_EventID_77_trace8,[124527]
p_picks_Exp_T019_Run5_Traces_EventID_77_trace9,[124494]
p_picks_Exp_T019_Run5_Traces_EventID_78_trace1,[123758]
p_picks_Exp_T019_Run5_Traces_EventID_78_trace2,[124483]
p_picks_Exp_T019_Run5_Traces_EventID_78_trace3,[124502]
p_picks_Exp_T019_Run5_Traces_EventID_78_trace4,[121320]
p_picks_Exp_T019_Run5_Traces_EventID_78_trace5,[121988]
p_picks_Exp_T019_Run5_Traces_EventID_78_trace6,[124571]
p_picks_Exp_T019_Run5_Traces_EventID_78_trace7,[124515]
p_picks_Exp_T019_Run5_Traces_EventID_78_trace8,[124525]
p_picks_Exp_T019_Run5_Traces_EventID_78_trace9,[124487]
p_picks_Exp_T019_Run5_Traces_EventID_79_trace1,[123767]
p_picks_Exp_T019_Run5_Traces_EventID_79_trace2,[124472]
p_picks_Exp_T019_Run5_Traces_EventID_79_trace3,[124506]
p_picks_Exp_T019_Run5_Traces_EventID_79_trace4,[121345]
p_picks_Exp_T019_Run5_Traces_EventID_79_trace5,[122027]
p_picks_Exp_T019_Run5_Traces_EventID_79_trace6,[124568]
p_picks_Exp_T019_Run5_Traces_EventID_79_trace7,[124508]
p_picks_Exp_T019_Run5_Traces_EventID_79_trace8,[124494]
p_picks_Exp_T019_Run5_Traces_EventID_79_trace9,[124518]
p_picks_Exp_T019_Run5_Traces_EventID_80_trace1,[123780]
p_picks_Exp_T019_Run5_Traces_EventID_80_trace2,[124532]
p_picks_Exp_T019_Run5_Traces_EventID_80_trace3,[124517]
p_picks_Exp_T019_Run5_Traces_EventID_80_trace4,[121353]
p_picks_Exp_T019_Run5_Traces_EventID_80_trace5,[122023]
p_picks_Exp_T019_Run5_Traces_EventID_80_trace6,[124584]
p_picks_Exp_T019_Run5_Traces_EventID_80_trace7,[124545]
p_picks_Exp_T019_Run5_Traces_EventID_80_trace8,[124540]
p_picks_Exp_T019_Run5_Traces_EventID_80_trace9,[124532]
p_picks_Exp_T019_Run5_Traces_EventID_81_trace1,[123747]
p_picks_Exp_T019_Run5_Traces_EventID_81_trace2,[124494]
p_picks_Exp_T019_Run5_Traces_EventID_81_trace3,[124503]
p_picks_Exp_T019_Run5_Traces_EventID_81_trace4,[121343]
p_picks_Exp_T019_Run5_Traces_EventID_81_trace5,[122023]
p_picks_Exp_T019_Run5_Traces_EventID_81_trace6,[124550]
p_picks_Exp_T019_Run5_Traces_EventID_81_trace7,[124535]
p_picks_Exp_T019_Run5_Traces_EventID_81_trace8,[124517]
p_picks_Exp_T019_Run5_Traces_EventID_81_trace9,[124480]
p_picks_Exp_T019_Run5_Traces_EventID_82_trace1,[123796]
p_picks_Exp_T019_Run5_Traces_EventID_82_trace2,[124481]
p_picks_Exp_T019_Run5_Traces_EventID_82_trace3,[124452]
p_picks_Exp_T019_Run5_Traces_EventID_82_trace4,[121343]
p_picks_Exp_T019_Run5_Traces_EventID_82_trace5,[122008]
p_picks_Exp_T019_Run5_Traces_EventID_82_trace6,[124575]
p_picks_Exp_T019_Run5_Traces_EventID_82_trace7,[124550]
p_picks_Exp_T019_Run5_Traces_EventID_82_trace8,[124520]
p_picks_Exp_T019_Run5_Traces_EventID_82_trace9,[124494]
p_picks_Exp_T019_Run5_Traces_EventID_83_trace1,[123793]
p_picks_Exp_T019_Run5_Traces_EventID_83_trace2,[124494]
p_picks_Exp_T019_Run5_Traces_EventID_83_trace3,[124508]
p_picks_Exp_T019_Run5_Traces_EventID_83_trace4,[121326]
p_picks_Exp_T019_Run5_Traces_EventID_83_trace5,[121999]
p_picks_Exp_T019_Run5_Traces_EventID_83_trace6,[124555]
p_picks_Exp_T019_Run5_Traces_EventID_83_trace7,[124522]
p_picks_Exp_T019_Run5_Traces_EventID_83_trace8,[124522]
p_picks_Exp_T019_Run5_Traces_EventID_83_trace9,[124494]
p_picks_Exp_T019_Run5_Traces_EventID_84_trace1,[123752]
p_picks_Exp_T019_Run5_Traces_EventID_84_trace2,[124480]
p_picks_Exp_T019_Run5_Traces_EventID_84_trace3,[124485]
p_picks_Exp_T019_Run5_Traces_EventID_84_trace4,[121343]
p_picks_Exp_T019_Run5_Traces_EventID_84_trace5,[122034]
p_picks_Exp_T019_Run5_Traces_EventID_84_trace6,[124571]
p_picks_Exp_T019_Run5_Traces_EventID_84_trace7,[124527]
p_picks_Exp_T019_Run5_Traces_EventID_84_trace8,[124508]
p_picks_Exp_T019_Run5_Traces_EventID_84_trace9,[124528]
p_picks_Exp_T019_Run5_Traces_EventID_85_trace1,[123791]
p_picks_Exp_T019_Run5_Traces_EventID_85_trace2,[124490]
p_picks_Exp_T019_Run5_Traces_EventID_85_trace3,[124511]
p_picks_Exp_T019_Run5_Traces_EventID_85_trace4,[121501]
p_picks_Exp_T019_Run5_Traces_EventID_85_trace5,[122017]
p_picks_Exp_T019_Run5_Traces_EventID_85_trace6,[124579]
p_picks_Exp_T019_Run5_Traces_EventID_85_trace7,[124545]
p_picks_Exp_T019_Run5_Traces_EventID_85_trace8,[124541]
p_picks_Exp_T019_Run5_Traces_EventID_85_trace9,[124528]
p_picks_Exp_T019_Run5_Traces_EventID_86_trace1,[123803]
p_picks_Exp_T019_Run5_Traces_EventID_86_trace2,[124507]
p_picks_Exp_T019_Run5_Traces_EventID_86_trace3,[124494]
p_picks_Exp_T019_Run5_Traces_EventID_86_trace4,[121501]
p_picks_Exp_T019_Run5_Traces_EventID_86_trace5,[122021]
p_picks_Exp_T019_Run5_Traces_EventID_86_trace6,[124588]
p_picks_Exp_T019_Run5_Traces_EventID_86_trace7,[124542]
p_picks_Exp_T019_Run5_Traces_EventID_86_trace8,[124536]
p_picks_Exp_T019_Run5_Traces_EventID_86_trace9,[124542]
p_picks_Exp_T019_Run5_Traces_EventID_87_trace1,[123781]
p_picks_Exp_T019_Run5_Traces_EventID_87_trace2,[124511]
p_picks_Exp_T019_Run5_Traces_EventID_87_trace3,[124533]
p_picks_Exp_T019_Run5_Traces_EventID_87_trace4,[121322]
p_picks_Exp_T019_Run5_Traces_EventID_87_trace5,[121999]
p_picks_Exp_T019_Run5_Traces_EventID_87_trace6,[124558]
p_picks_Exp_T019_Run5_Traces_EventID_87_trace7,[124511]
p_picks_Exp_T019_Run5_Traces_EventID_87_trace8,[124511]
p_picks_Exp_T019_Run5_Traces_EventID_87_trace9,[124526]
p_picks_Exp_T019_Run5_Traces_EventID_88_trace1,[123785]
p_picks_Exp_T019_Run5_Traces_EventID_88_trace2,[124511]
p_picks_Exp_T019_Run5_Traces_EventID_88_trace3,[124511]
p_picks_Exp_T019_Run5_Traces_EventID_88_trace4,[121511]
p_picks_Exp_T019_Run5_Traces_EventID_88_trace5,[122015]
p_picks_Exp_T019_Run5_Traces_EventID_88_trace6,[124558]
p_picks_Exp_T019_Run5_Traces_EventID_88_trace7,[124530]
p_picks_Exp_T019_Run5_Traces_EventID_88_trace8,[124511]
p_picks_Exp_T019_Run5_Traces_EventID_88_trace9,[124471]
p_picks_Exp_T019_Run5_Traces_EventID_89_trace1,[123773]
p_picks_Exp_T019_Run5_Traces_EventID_89_trace2,[124499]
p_picks_Exp_T019_Run5_Traces_EventID_89_trace3,[124495]
p_picks_Exp_T019_Run5_Traces_EventID_89_trace4,[121522]
p_picks_Exp_T019_Run5_Traces_EventID_89_trace5,[122011]
p_picks_Exp_T019_Run5_Traces_EventID_89_trace6,[124546]
p_picks_Exp_T019_Run5_Traces_EventID_89_trace7,[124534]
p_picks_Exp_T019_Run5_Traces_EventID_89_trace8,[124515]
p_picks_Exp_T019_Run5_Traces_EventID_89_trace9,[124523]
p_picks_Exp_T019_Run5_Traces_EventID_90_trace1,[123809]
p_picks_Exp_T019_Run5_Traces_EventID_90_trace2,[124507]
p_picks_Exp_T019_Run5_Traces_EventID_90_trace3,[124507]
p_picks_Exp_T019_Run5_Traces_EventID_90_trace4,[121518]
p_picks_Exp_T019_Run5_Traces_EventID_90_trace5,[122035]
p_picks_Exp_T019_Run5_Traces_EventID_90_trace6,[124558]
p_picks_Exp_T019_Run5_Traces_EventID_90_trace7,[124538]
p_picks_Exp_T019_Run5_Traces_EventID_90_trace8,[124534]
p_picks_Exp_T019_Run5_Traces_EventID_90_trace9,[124511]
p_picks_Exp_T019_Run5_Traces_EventID_91_trace1,[123809]
p_picks_Exp_T019_Run5_Traces_EventID_91_trace2,[124519]
p_picks_Exp_T019_Run5_Traces_EventID_91_trace3,[124511]
p_picks_Exp_T019_Run5_Traces_EventID_91_trace4,[121526]
p_picks_Exp_T019_Run5_Traces_EventID_91_trace5,[122023]
p_picks_Exp_T019_Run5_Traces_EventID_91_trace6,[124558]
p_picks_Exp_T019_Run5_Traces_EventID_91_trace7,[124546]
p_picks_Exp_T019_Run5_Traces_EventID_91_trace8,[124511]
p_picks_Exp_T019_Run5_Traces_EventID_91_trace9,[124511]
p_picks_Exp_T019_Run5_Traces_EventID_92_trace1,[123801]
p_picks_Exp_T019_Run5_Traces_EventID_92_trace2,[124515]
p_picks_Exp_T019_Run5_Traces_EventID_92_trace3,[124507]
p_picks_Exp_T019_Run5_Traces_EventID_92_trace4,[121479]
p_picks_Exp_T019_Run5_Traces_EventID_92_trace5,[121984]
p_picks_Exp_T019_Run5_Traces_EventID_92_trace6,[124550]
p_picks_Exp_T019_Run5_Traces_EventID_92_trace7,[124538]
p_picks_Exp_T019_Run5_Traces_EventID_92_trace8,[124526]
p_picks_Exp_T019_Run5_Traces_EventID_92_trace9,[124519]
p_picks_Exp_T019_Run5_Traces_EventID_93_trace1,[123766]
p_picks_Exp_T019_Run5_Traces_EventID_93_trace2,[124457]
p_picks_Exp_T019_Run5_Traces_EventID_93_trace3,[124484]
p_picks_Exp_T019_Run5_Traces_EventID_93_trace4,[121499]
p_picks_Exp_T019_Run5_Traces_EventID_93_trace5,[121992]
p_picks_Exp_T019_Run5_Traces_EventID_93_trace6,[124564]
p_picks_Exp_T019_Run5_Traces_EventID_93_trace7,[124515]
p_picks_Exp_T019_Run5_Traces_EventID_93_trace8,[124519]
p_picks_Exp_T019_Run5_Traces_EventID_93_trace9,[124524]
p_picks_Exp_T019_Run5_Traces_EventID_94_trace1,[123800]
p_picks_Exp_T019_Run5_Traces_EventID_94_trace2,[124470]
p_picks_Exp_T019_Run5_Traces_EventID_94_trace3,[124470]
p_picks_Exp_T019_Run5_Traces_EventID_94_trace4,[121512]
p_picks_Exp_T019_Run5_Traces_EventID_94_trace5,[122001]
p_picks_Exp_T019_Run5_Traces_EventID_94_trace6,[124537]
p_picks_Exp_T019_Run5_Traces_EventID_94_trace7,[124550]
p_picks_Exp_T019_Run5_Traces_EventID_94_trace8,[124519]
p_picks_Exp_T019_Run5_Traces_EventID_94_trace9,[124519]
p_picks_Exp_T019_Run5_Traces_EventID_95_trace1,[123539]
p_picks_Exp_T019_Run5_Traces_EventID_95_trace2,[124484]
p_picks_Exp_T019_Run5_Traces_EventID_95_trace3,[124506]
p_picks_Exp_T019_Run5_Traces_EventID_95_trace4,[121512]
p_picks_Exp_T019_Run5_Traces_EventID_95_trace5,[122014]
p_picks_Exp_T019_Run5_Traces_EventID_95_trace6,[124573]
p_picks_Exp_T019_Run5_Traces_EventID_95_trace7,[124510]
p_picks_Exp_T019_Run5_Traces_EventID_95_trace8,[124510]
p_picks_Exp_T019_Run5_Traces_EventID_95_trace9,[124524]
p_picks_Exp_T019_Run5_Traces_EventID_96_trace1,[123551]
p_picks_Exp_T019_Run5_Traces_EventID_96_trace2,[124502]
p_picks_Exp_T019_Run5_Traces_EventID_96_trace3,[124524]
p_picks_Exp_T019_Run5_Traces_EventID_96_trace4,[121512]
p_picks_Exp_T019_Run5_Traces_EventID_96_trace5,[122010]
p_picks_Exp_T019_Run5_Traces_EventID_96_trace6,[124555]
p_picks_Exp_T019_Run5_Traces_EventID_96_trace7,[124524]
p_picks_Exp_T019_Run5_Traces_EventID_96_trace8,[124519]
p_picks_Exp_T019_Run5_Traces_EventID_96_trace9,[124493]
p_picks_Exp_T019_Run5_Traces_EventID_97_trace1,[120802]
p_picks_Exp_T019_Run5_Traces_EventID_97_trace2,[124497]
p_picks_Exp_T019_Run5_Traces_EventID_97_trace3,[124537]
p_picks_Exp_T019_Run5_Traces_EventID_97_trace4,[121308]
p_picks_Exp_T019_Run5_Traces_EventID_97_trace5,[122005]
p_picks_Exp_T019_Run5_Traces_EventID_97_trace6,[124590]
p_picks_Exp_T019_Run5_Traces_EventID_97_trace7,[124542]
p_picks_Exp_T019_Run5_Traces_EventID_97_trace8,[124519]
p_picks_Exp_T019_Run5_Traces_EventID_97_trace9,[124493]
p_picks_Exp_T019_Run5_Traces_EventID_98_trace1,[123551]
p_picks_Exp_T019_Run5_Traces_EventID_98_trace2,[124519]
p_picks_Exp_T019_Run5_Traces_EventID_98_trace3,[124506]
p_picks_Exp_T019_Run5_Traces_EventID_98_trace4,[121517]
p_picks_Exp_T019_Run5_Traces_EventID_98_trace5,[122019]
p_picks_Exp_T019_Run5_Traces_EventID_98_trace6,[124577]
p_picks_Exp_T019_Run5_Traces_EventID_98_trace7,[124550]
p_picks_Exp_T019_Run5_Traces_EventID_98_trace8,[124533]
p_picks_Exp_T019_Run5_Traces_EventID_98_trace9,[124510]
p_picks_Exp_T019_Run5_Traces_EventID_99_trace1,[123551]
p_picks_Exp_T019_Run5_Traces_EventID_99_trace2,[124510]
p_picks_Exp_T019_Run5_Traces_EventID_99_trace3,[124515]
p_picks_Exp_T019_Run5_Traces_EventID_99_trace4,[121512]
p_picks_Exp_T019_Run5_Traces_EventID_99_trace5,[122045]
p_picks_Exp_T019_Run5_Traces_EventID_99_trace6,[124582]
p_picks_Exp_T019_Run5_Traces_EventID_99_trace7,[124555]
p_picks_Exp_T019_Run5_Traces_EventID_99_trace8,[124497]
p_picks_Exp_T019_Run5_Traces_EventID_99_trace9,[124533]
p_picks_Exp_T020_Run2_Traces_EventID_0_trace1,[119968]
p_picks_Exp_T020_Run2_Traces_EventID_0_trace2,[119380]
p_picks_Exp_T020_Run2_Traces_EventID_0_trace3,[118988]
p_picks_Exp_T020_Run2_Traces_EventID_0_trace4,[119145]
p_picks_Exp_T020_Run2_Traces_EventID_0_trace5,[118988]
p_picks_Exp_T020_Run2_Traces_EventID_0_trace6,[118871]
p_picks_Exp_T020_Run2_Traces_EventID_0_trace7,[119265]
p_picks_Exp_T020_Run2_Traces_EventID_0_trace8,[121691]
p_picks_Exp_T020_Run2_Traces_EventID_0_trace9,[121180]
p_picks_Exp_T020_Run2_Traces_EventID_10_trace1,[122976]
p_picks_Exp_T020_Run2_Traces_EventID_10_trace2,[123063]
p_picks_Exp_T020_Run2_Traces_EventID_10_trace3,[122833]
p_picks_Exp_T020_Run2_Traces_EventID_10_trace4,[122421]
p_picks_Exp_T020_Run2_Traces_EventID_10_trace5,[122212]
p_picks_Exp_T020_Run2_Traces_EventID_10_trace6,[120120]
p_picks_Exp_T020_Run2_Traces_EventID_10_trace7,[121042]
p_picks_Exp_T020_Run2_Traces_EventID_10_trace8,[120343]
p_picks_Exp_T020_Run2_Traces_EventID_10_trace9,[122810]
p_picks_Exp_T020_Run2_Traces_EventID_11_trace1,[123957]
p_picks_Exp_T020_Run2_Traces_EventID_11_trace2,[123737]
p_picks_Exp_T020_Run2_Traces_EventID_11_trace3,[123570]
p_picks_Exp_T020_Run2_Traces_EventID_11_trace4,[123583]
p_picks_Exp_T020_Run2_Traces_EventID_11_trace5,[123589]
p_picks_Exp_T020_Run2_Traces_EventID_11_trace6,[123583]
p_picks_Exp_T020_Run2_Traces_EventID_11_trace7,[124332]
p_picks_Exp_T020_Run2_Traces_EventID_11_trace8,[124266]
p_picks_Exp_T020_Run2_Traces_EventID_11_trace9,[124161]
p_picks_Exp_T020_Run2_Traces_EventID_12_trace1,[123901]
p_picks_Exp_T020_Run2_Traces_EventID_12_trace2,[123695]
p_picks_Exp_T020_Run2_Traces_EventID_12_trace3,[123493]
p_picks_Exp_T020_Run2_Traces_EventID_12_trace4,[123493]
p_picks_Exp_T020_Run2_Traces_EventID_12_trace5,[123503]
p_picks_Exp_T020_Run2_Traces_EventID_12_trace6,[122278]
p_picks_Exp_T020_Run2_Traces_EventID_12_trace7,[124232]
p_picks_Exp_T020_Run2_Traces_EventID_12_trace8,[124161]
p_picks_Exp_T020_Run2_Traces_EventID_12_trace9,[124092]
p_picks_Exp_T020_Run2_Traces_EventID_1_trace1,[123629]
p_picks_Exp_T020_Run2_Traces_EventID_1_trace2,[123336]
p_picks_Exp_T020_Run2_Traces_EventID_1_trace3,[122977]
p_picks_Exp_T020_Run2_Traces_EventID_1_trace4,[122573]
p_picks_Exp_T020_Run2_Traces_EventID_1_trace5,[122202]
p_picks_Exp_T020_Run2_Traces_EventID_1_trace6,[121589]
p_picks_Exp_T020_Run2_Traces_EventID_1_trace7,[121432]
p_picks_Exp_T020_Run2_Traces_EventID_1_trace8,[120833]
p_picks_Exp_T020_Run2_Traces_EventID_1_trace9,[120893]
p_picks_Exp_T020_Run2_Traces_EventID_2_trace1,[123640]
p_picks_Exp_T020_Run2_Traces_EventID_2_trace2,[123144]
p_picks_Exp_T020_Run2_Traces_EventID_2_trace3,[123280]
p_picks_Exp_T020_Run2_Traces_EventID_2_trace4,[123379]
p_picks_Exp_T020_Run2_Traces_EventID_2_trace5,[123370]
p_picks_Exp_T020_Run2_Traces_EventID_2_trace6,[123090]
p_picks_Exp_T020_Run2_Traces_EventID_2_trace7,[124206]
p_picks_Exp_T020_Run2_Traces_EventID_2_trace8,[121450]
p_picks_Exp_T020_Run2_Traces_EventID_2_trace9,[124056]
p_picks_Exp_T020_Run2_Traces_EventID_3_trace1,[123788]
p_picks_Exp_T020_Run2_Traces_EventID_3_trace2,[123503]
p_picks_Exp_T020_Run2_Traces_EventID_3_trace3,[123420]
p_picks_Exp_T020_Run2_Traces_EventID_3_trace4,[123429]
p_picks_Exp_T020_Run2_Traces_EventID_3_trace5,[123448]
p_picks_Exp_T020_Run2_Traces_EventID_3_trace6,[122219]
p_picks_Exp_T020_Run2_Traces_EventID_3_trace7,[124114]
p_picks_Exp_T020_Run2_Traces_EventID_3_trace8,[123305]
p_picks_Exp_T020_Run2_Traces_EventID_3_trace9,[124087]
p_picks_Exp_T020_Run2_Traces_EventID_4_trace1,[123714]
p_picks_Exp_T020_Run2_Traces_EventID_4_trace2,[123541]
p_picks_Exp_T020_Run2_Traces_EventID_4_trace3,[123356]
p_picks_Exp_T020_Run2_Traces_EventID_4_trace4,[123344]
p_picks_Exp_T020_Run2_Traces_EventID_4_trace5,[123401]
p_picks_Exp_T020_Run2_Traces_EventID_4_trace6,[123100]
p_picks_Exp_T020_Run2_Traces_EventID_4_trace7,[122431]
p_picks_Exp_T020_Run2_Traces_EventID_4_trace8,[121363]
p_picks_Exp_T020_Run2_Traces_EventID_4_trace9,[123972]
p_picks_Exp_T020_Run2_Traces_EventID_5_trace1,[123597]
p_picks_Exp_T020_Run2_Traces_EventID_5_trace2,[123157]
p_picks_Exp_T020_Run2_Traces_EventID_5_trace3,[122757]
p_picks_Exp_T020_Run2_Traces_EventID_5_trace4,[122309]
p_picks_Exp_T020_Run2_Traces_EventID_5_trace5,[121996]
p_picks_Exp_T020_Run2_Traces_EventID_5_trace6,[122129]
p_picks_Exp_T020_Run2_Traces_EventID_5_trace7,[122194]
p_picks_Exp_T020_Run2_Traces_EventID_5_trace8,[122879]
p_picks_Exp_T020_Run2_Traces_EventID_5_trace9,[121510]
p_picks_Exp_T020_Run2_Traces_EventID_6_trace1,[123890]
p_picks_Exp_T020_Run2_Traces_EventID_6_trace2,[123597]
p_picks_Exp_T020_Run2_Traces_EventID_6_trace3,[123499]
p_picks_Exp_T020_Run2_Traces_EventID_6_trace4,[123564]
p_picks_Exp_T020_Run2_Traces_EventID_6_trace5,[123532]
p_picks_Exp_T020_Run2_Traces_EventID_6_trace6,[123466]
p_picks_Exp_T020_Run2_Traces_EventID_6_trace7,[124176]
p_picks_Exp_T020_Run2_Traces_EventID_6_trace8,[124127]
p_picks_Exp_T020_Run2_Traces_EventID_6_trace9,[124143]
p_picks_Exp_T020_Run2_Traces_EventID_7_trace1,[123793]
p_picks_Exp_T020_Run2_Traces_EventID_7_trace2,[123581]
p_picks_Exp_T020_Run2_Traces_EventID_7_trace3,[123466]
p_picks_Exp_T020_Run2_Traces_EventID_7_trace4,[123524]
p_picks_Exp_T020_Run2_Traces_EventID_7_trace5,[123515]
p_picks_Exp_T020_Run2_Traces_EventID_7_trace6,[122309]
p_picks_Exp_T020_Run2_Traces_EventID_7_trace7,[124176]
p_picks_Exp_T020_Run2_Traces_EventID_7_trace8,[124168]
p_picks_Exp_T020_Run2_Traces_EventID_7_trace9,[124086]
p_picks_Exp_T020_Run2_Traces_EventID_8_trace1,[123662]
p_picks_Exp_T020_Run2_Traces_EventID_8_trace2,[123287]
p_picks_Exp_T020_Run2_Traces_EventID_8_trace3,[122904]
p_picks_Exp_T020_Run2_Traces_EventID_8_trace4,[122472]
p_picks_Exp_T020_Run2_Traces_EventID_8_trace5,[121151]
p_picks_Exp_T020_Run2_Traces_EventID_8_trace6,[122219]
p_picks_Exp_T020_Run2_Traces_EventID_8_trace7,[122333]
p_picks_Exp_T020_Run2_Traces_EventID_8_trace8,[120384]
p_picks_Exp_T020_Run2_Traces_EventID_8_trace9,[121395]
p_picks_Exp_T020_Run2_Traces_EventID_9_trace1,[123833]
p_picks_Exp_T020_Run2_Traces_EventID_9_trace2,[123540]
p_picks_Exp_T020_Run2_Traces_EventID_9_trace3,[123499]
p_picks_Exp_T020_Run2_Traces_EventID_9_trace4,[123499]
p_picks_Exp_T020_Run2_Traces_EventID_9_trace5,[123505]
p_picks_Exp_T020_Run2_Traces_EventID_9_trace6,[123467]
p_picks_Exp_T020_Run2_Traces_EventID_9_trace7,[124265]
p_picks_Exp_T020_Run2_Traces_EventID_9_trace8,[124190]
p_picks_Exp_T020_Run2_Traces_EventID_9_trace9,[124096]
p_picks_Exp_T020_Run3_Traces_EventID_13_trace1,[121780]
p_picks_Exp_T020_Run3_Traces_EventID_13_trace2,[122083]
p_picks_Exp_T020_Run3_Traces_EventID_13_trace3,[121473]
p_picks_Exp_T020_Run3_Traces_EventID_13_trace4,[114094]
p_picks_Exp_T020_Run3_Traces_EventID_13_trace5,[114161]
p_picks_Exp_T020_Run3_Traces_EventID_13_trace6,[123971]
p_picks_Exp_T020_Run3_Traces_EventID_13_trace7,[120626]
p_picks_Exp_T020_Run3_Traces_EventID_13_trace8,[122239]
p_picks_Exp_T020_Run3_Traces_EventID_14_trace1,[123046]
p_picks_Exp_T020_Run3_Traces_EventID_14_trace2,[123177]
p_picks_Exp_T020_Run3_Traces_EventID_14_trace3,[122434]
p_picks_Exp_T020_Run3_Traces_EventID_14_trace4,[124308]
p_picks_Exp_T020_Run3_Traces_EventID_14_trace5,[122109]
p_picks_Exp_T020_Run3_Traces_EventID_14_trace6,[121693]
p_picks_Exp_T020_Run3_Traces_EventID_14_trace7,[120781]
p_picks_Exp_T020_Run3_Traces_EventID_14_trace8,[120971]
p_picks_Exp_T020_Run3_Traces_EventID_15_trace1,[123114]
p_picks_Exp_T020_Run3_Traces_EventID_15_trace2,[123479]
p_picks_Exp_T020_Run3_Traces_EventID_15_trace3,[123175]
p_picks_Exp_T020_Run3_Traces_EventID_15_trace4,[123492]
p_picks_Exp_T020_Run3_Traces_EventID_15_trace5,[123240]
p_picks_Exp_T020_Run3_Traces_EventID_15_trace6,[124361]
p_picks_Exp_T020_Run3_Traces_EventID_15_trace7,[121780]
p_picks_Exp_T020_Run3_Traces_EventID_15_trace8,[121597]
p_picks_Exp_T020_Run3_Traces_EventID_16_trace1,[123892]
p_picks_Exp_T020_Run3_Traces_EventID_16_trace2,[123566]
p_picks_Exp_T020_Run3_Traces_EventID_16_trace3,[123431]
p_picks_Exp_T020_Run3_Traces_EventID_16_trace4,[123083]
p_picks_Exp_T020_Run3_Traces_EventID_16_trace5,[123369]
p_picks_Exp_T020_Run3_Traces_EventID_16_trace6,[123156]
p_picks_Exp_T020_Run3_Traces_EventID_16_trace7,[124335]
p_picks_Exp_T020_Run3_Traces_EventID_16_trace8,[121369]
p_picks_Exp_T020_Run3_Traces_EventID_16_trace9,[124226]
p_picks_Exp_T020_Run3_Traces_EventID_17_trace1,[123676]
p_picks_Exp_T020_Run3_Traces_EventID_17_trace2,[122871]
p_picks_Exp_T020_Run3_Traces_EventID_17_trace3,[122542]
p_picks_Exp_T020_Run3_Traces_EventID_17_trace4,[122205]
p_picks_Exp_T020_Run3_Traces_EventID_17_trace5,[122364]
p_picks_Exp_T020_Run3_Traces_EventID_17_trace6,[122388]
p_picks_Exp_T020_Run3_Traces_EventID_17_trace7,[122398]
p_picks_Exp_T020_Run3_Traces_EventID_17_trace8,[122333]
p_picks_Exp_T020_Run3_Traces_EventID_17_trace9,[123902]
p_picks_Exp_T020_Run3_Traces_EventID_18_trace1,[123590]
p_picks_Exp_T020_Run3_Traces_EventID_18_trace2,[123204]
p_picks_Exp_T020_Run3_Traces_EventID_18_trace3,[123617]
p_picks_Exp_T020_Run3_Traces_EventID_18_trace4,[123597]
p_picks_Exp_T020_Run3_Traces_EventID_18_trace5,[124329]
p_picks_Exp_T020_Run3_Traces_EventID_18_trace6,[123407]
p_picks_Exp_T020_Run3_Traces_EventID_18_trace7,[121686]
p_picks_Exp_T020_Run3_Traces_EventID_19_trace1,[123257]
p_picks_Exp_T020_Run3_Traces_EventID_19_trace2,[122907]
p_picks_Exp_T020_Run3_Traces_EventID_19_trace3,[122207]
p_picks_Exp_T020_Run3_Traces_EventID_19_trace4,[122430]
p_picks_Exp_T020_Run3_Traces_EventID_19_trace5,[122411]
p_picks_Exp_T020_Run3_Traces_EventID_19_trace6,[122430]
p_picks_Exp_T020_Run3_Traces_EventID_19_trace7,[120755]
p_picks_Exp_T020_Run3_Traces_EventID_19_trace8,[122585]
p_picks_Exp_T020_Run3_Traces_EventID_20_trace1,[124334]
p_picks_Exp_T020_Run3_Traces_EventID_20_trace2,[122509]
p_picks_Exp_T020_Run3_Traces_EventID_20_trace3,[124385]
p_picks_Exp_T020_Run3_Traces_EventID_20_trace4,[122187]
p_picks_Exp_T020_Run3_Traces_EventID_20_trace5,[121792]
p_picks_Exp_T020_Run3_Traces_EventID_20_trace6,[121449]
p_picks_Exp_T020_Run3_Traces_EventID_20_trace7,[121138]
p_picks_Exp_T020_Run3_Traces_EventID_21_trace1,[123195]
p_picks_Exp_T020_Run3_Traces_EventID_21_trace2,[123602]
p_picks_Exp_T020_Run3_Traces_EventID_21_trace3,[123590]
p_picks_Exp_T020_Run3_Traces_EventID_21_trace4,[123593]
p_picks_Exp_T020_Run3_Traces_EventID_21_trace5,[123611]
p_picks_Exp_T020_Run3_Traces_EventID_21_trace6,[124386]
p_picks_Exp_T020_Run3_Traces_EventID_21_trace7,[121597]
p_picks_Exp_T020_Run3_Traces_EventID_21_trace8,[121690]
p_picks_Exp_T020_Run3_Traces_EventID_22_trace1,[123105]
p_picks_Exp_T020_Run3_Traces_EventID_22_trace2,[123114]
p_picks_Exp_T020_Run3_Traces_EventID_22_trace3,[122351]
p_picks_Exp_T020_Run3_Traces_EventID_22_trace4,[122565]
p_picks_Exp_T020_Run3_Traces_EventID_22_trace5,[122559]
p_picks_Exp_T020_Run3_Traces_EventID_22_trace6,[122576]
p_picks_Exp_T020_Run3_Traces_EventID_22_trace7,[122605]
p_picks_Exp_T020_Run3_Traces_EventID_22_trace8,[124172]
p_picks_Exp_T020_Run3_Traces_EventID_23_trace1,[123281]
p_picks_Exp_T020_Run3_Traces_EventID_23_trace2,[123005]
p_picks_Exp_T020_Run3_Traces_EventID_23_trace3,[122639]
p_picks_Exp_T020_Run3_Traces_EventID_23_trace4,[122467]
p_picks_Exp_T020_Run3_Traces_EventID_23_trace5,[122039]
p_picks_Exp_T020_Run3_Traces_EventID_23_trace6,[122446]
p_picks_Exp_T020_Run3_Traces_EventID_23_trace7,[122239]
p_picks_Exp_T020_Run3_Traces_EventID_23_trace8,[122453]
p_picks_Exp_T020_Run3_Traces_EventID_24_trace1,[115222]
p_picks_Exp_T020_Run3_Traces_EventID_24_trace2,[123266]
p_picks_Exp_T020_Run3_Traces_EventID_24_trace3,[122944]
p_picks_Exp_T020_Run3_Traces_EventID_24_trace4,[122521]
p_picks_Exp_T020_Run3_Traces_EventID_24_trace5,[122391]
p_picks_Exp_T020_Run3_Traces_EventID_24_trace6,[122223]
p_picks_Exp_T020_Run3_Traces_EventID_24_trace7,[122577]
p_picks_Exp_T020_Run3_Traces_EventID_24_trace8,[122000]
p_picks_Exp_T020_Run3_Traces_EventID_24_trace9,[122111]
p_picks_Exp_T020_Run3_Traces_EventID_25_trace1,[124432]
p_picks_Exp_T020_Run3_Traces_EventID_25_trace2,[122529]
p_picks_Exp_T020_Run3_Traces_EventID_25_trace3,[124438]
p_picks_Exp_T020_Run3_Traces_EventID_25_trace4,[122193]
p_picks_Exp_T020_Run3_Traces_EventID_25_trace5,[121807]
p_picks_Exp_T020_Run3_Traces_EventID_25_trace6,[121475]
p_picks_Exp_T020_Run3_Traces_EventID_25_trace7,[121134]
p_picks_Exp_T020_Run3_Traces_EventID_26_trace1,[123276]
p_picks_Exp_T020_Run3_Traces_EventID_26_trace2,[123505]
p_picks_Exp_T020_Run3_Traces_EventID_26_trace3,[123495]
p_picks_Exp_T020_Run3_Traces_EventID_26_trace4,[123539]
p_picks_Exp_T020_Run3_Traces_EventID_26_trace5,[123246]
p_picks_Exp_T020_Run3_Traces_EventID_26_trace6,[124447]
p_picks_Exp_T020_Run3_Traces_EventID_26_trace7,[121860]
p_picks_Exp_T020_Run3_Traces_EventID_26_trace8,[124423]
p_picks_Exp_T020_Run3_Traces_EventID_27_trace1,[123861]
p_picks_Exp_T020_Run3_Traces_EventID_27_trace2,[123417]
p_picks_Exp_T020_Run3_Traces_EventID_27_trace3,[122594]
p_picks_Exp_T020_Run3_Traces_EventID_27_trace4,[122276]
p_picks_Exp_T020_Run3_Traces_EventID_27_trace5,[122523]
p_picks_Exp_T020_Run3_Traces_EventID_27_trace6,[122520]
p_picks_Exp_T020_Run3_Traces_EventID_27_trace7,[122492]
p_picks_Exp_T020_Run3_Traces_EventID_27_trace8,[120459]
p_picks_Exp_T020_Run3_Traces_EventID_27_trace9,[124465]
p_picks_Exp_T020_Run3_Traces_EventID_28_trace1,[123519]
p_picks_Exp_T020_Run3_Traces_EventID_28_trace2,[123136]
p_picks_Exp_T020_Run3_Traces_EventID_28_trace3,[122397]
p_picks_Exp_T020_Run3_Traces_EventID_28_trace4,[122635]
p_picks_Exp_T020_Run3_Traces_EventID_28_trace5,[122646]
p_picks_Exp_T020_Run3_Traces_EventID_28_trace6,[122631]
p_picks_Exp_T020_Run3_Traces_EventID_28_trace7,[122679]
p_picks_Exp_T020_Run3_Traces_EventID_28_trace8,[124339]
p_picks_Exp_T020_Run3_Traces_EventID_29_trace1,[117162]
p_picks_Exp_T020_Run3_Traces_EventID_29_trace2,[123335]
p_picks_Exp_T020_Run3_Traces_EventID_29_trace3,[123001]
p_picks_Exp_T020_Run3_Traces_EventID_29_trace4,[121959]
p_picks_Exp_T020_Run3_Traces_EventID_29_trace5,[122397]
p_picks_Exp_T020_Run3_Traces_EventID_29_trace6,[122219]
p_picks_Exp_T020_Run3_Traces_EventID_29_trace7,[124264]
p_picks_Exp_T020_Run3_Traces_EventID_29_trace8,[122209]
p_picks_Exp_T020_Run3_Traces_EventID_29_trace9,[124201]
p_picks_Exp_T020_Run3_Traces_EventID_30_trace1,[123867]
p_picks_Exp_T020_Run3_Traces_EventID_30_trace2,[123492]
p_picks_Exp_T020_Run3_Traces_EventID_30_trace3,[123356]
p_picks_Exp_T020_Run3_Traces_EventID_30_trace4,[123356]
p_picks_Exp_T020_Run3_Traces_EventID_30_trace5,[122824]
p_picks_Exp_T020_Run3_Traces_EventID_30_trace6,[121427]
p_picks_Exp_T020_Run3_Traces_EventID_30_trace7,[124430]
p_picks_Exp_T020_Run3_Traces_EventID_30_trace8,[121552]
p_picks_Exp_T020_Run3_Traces_EventID_30_trace9,[123481]
p_picks_Exp_T020_Run3_Traces_EventID_31_trace1,[123206]
p_picks_Exp_T020_Run3_Traces_EventID_31_trace2,[123556]
p_picks_Exp_T020_Run3_Traces_EventID_31_trace3,[123531]
p_picks_Exp_T020_Run3_Traces_EventID_31_trace4,[123548]
p_picks_Exp_T020_Run3_Traces_EventID_31_trace5,[124365]
p_picks_Exp_T020_Run3_Traces_EventID_31_trace6,[124332]
p_picks_Exp_T020_Run3_Traces_EventID_31_trace7,[121824]
p_picks_Exp_T020_Run3_Traces_EventID_31_trace8,[124379]
p_picks_Exp_T020_Run3_Traces_EventID_32_trace1,[123867]
p_picks_Exp_T020_Run3_Traces_EventID_32_trace2,[123009]
p_picks_Exp_T020_Run3_Traces_EventID_32_trace3,[123123]
p_picks_Exp_T020_Run3_Traces_EventID_32_trace4,[122348]
p_picks_Exp_T020_Run3_Traces_EventID_32_trace5,[122576]
p_picks_Exp_T020_Run3_Traces_EventID_32_trace6,[122589]
p_picks_Exp_T020_Run3_Traces_EventID_32_trace7,[122582]
p_picks_Exp_T020_Run3_Traces_EventID_32_trace8,[120706]
p_picks_Exp_T020_Run3_Traces_EventID_32_trace9,[124237]
p_picks_Exp_T020_Run3_Traces_EventID_33_trace1,[120512]
p_picks_Exp_T020_Run3_Traces_EventID_33_trace2,[123431]
p_picks_Exp_T020_Run3_Traces_EventID_33_trace3,[123278]
p_picks_Exp_T020_Run3_Traces_EventID_33_trace4,[122934]
p_picks_Exp_T020_Run3_Traces_EventID_33_trace5,[123301]
p_picks_Exp_T020_Run3_Traces_EventID_33_trace6,[122843]
p_picks_Exp_T020_Run3_Traces_EventID_33_trace7,[124419]
p_picks_Exp_T020_Run3_Traces_EventID_33_trace8,[121514]
p_picks_Exp_T020_Run3_Traces_EventID_33_trace9,[123421]
p_picks_Exp_T020_Run3_Traces_EventID_34_trace1,[123714]
p_picks_Exp_T020_Run3_Traces_EventID_34_trace2,[123591]
p_picks_Exp_T020_Run3_Traces_EventID_34_trace3,[123220]
p_picks_Exp_T020_Run3_Traces_EventID_34_trace4,[123577]
p_picks_Exp_T020_Run3_Traces_EventID_34_trace5,[123268]
p_picks_Exp_T020_Run3_Traces_EventID_34_trace6,[124381]
p_picks_Exp_T020_Run3_Traces_EventID_34_trace7,[121832]
p_picks_Exp_T020_Run3_Traces_EventID_34_trace8,[124329]
p_picks_Exp_T020_Run3_Traces_EventID_35_trace1,[123119]
p_picks_Exp_T020_Run3_Traces_EventID_35_trace2,[122733]
p_picks_Exp_T020_Run3_Traces_EventID_35_trace3,[122630]
p_picks_Exp_T020_Run3_Traces_EventID_35_trace4,[122648]
p_picks_Exp_T020_Run3_Traces_EventID_35_trace5,[122373]
p_picks_Exp_T020_Run3_Traces_EventID_35_trace6,[121026]
p_picks_Exp_T020_Run3_Traces_EventID_35_trace7,[124097]
p_picks_Exp_T020_Run3_Traces_EventID_36_trace1,[122937]
p_picks_Exp_T020_Run3_Traces_EventID_36_trace2,[122946]
p_picks_Exp_T020_Run3_Traces_EventID_36_trace3,[122658]
p_picks_Exp_T020_Run3_Traces_EventID_36_trace4,[122500]
p_picks_Exp_T020_Run3_Traces_EventID_36_trace5,[120736]
p_picks_Exp_T020_Run3_Traces_EventID_36_trace6,[123076]
p_picks_Exp_T020_Run3_Traces_EventID_36_trace7,[123327]
p_picks_Exp_T020_Run3_Traces_EventID_36_trace8,[124283]
p_picks_Exp_T020_Run3_Traces_EventID_37_trace1,[123048]
p_picks_Exp_T020_Run3_Traces_EventID_37_trace2,[123067]
p_picks_Exp_T020_Run3_Traces_EventID_37_trace3,[122365]
p_picks_Exp_T020_Run3_Traces_EventID_37_trace4,[122612]
p_picks_Exp_T020_Run3_Traces_EventID_37_trace5,[122630]
p_picks_Exp_T020_Run3_Traces_EventID_37_trace6,[122658]
p_picks_Exp_T020_Run3_Traces_EventID_37_trace7,[121043]
p_picks_Exp_T020_Run3_Traces_EventID_37_trace8,[124255]
p_picks_Exp_T020_Run4_Traces_EventID_38_trace1,[123911]
p_picks_Exp_T020_Run4_Traces_EventID_38_trace2,[120737]
p_picks_Exp_T020_Run4_Traces_EventID_38_trace3,[123191]
p_picks_Exp_T020_Run4_Traces_EventID_38_trace4,[123416]
p_picks_Exp_T020_Run4_Traces_EventID_38_trace5,[124347]
p_picks_Exp_T020_Run4_Traces_EventID_38_trace6,[124311]
p_picks_Exp_T020_Run4_Traces_EventID_38_trace7,[124434]
p_picks_Exp_T020_Run4_Traces_EventID_38_trace8,[124422]
p_picks_Exp_T020_Run4_Traces_EventID_38_trace9,[124461]
p_picks_Exp_T020_Run4_Traces_EventID_39_trace1,[123940]
p_picks_Exp_T020_Run4_Traces_EventID_39_trace2,[122928]
p_picks_Exp_T020_Run4_Traces_EventID_39_trace3,[122976]
p_picks_Exp_T020_Run4_Traces_EventID_39_trace4,[121028]
p_picks_Exp_T020_Run4_Traces_EventID_39_trace5,[120777]
p_picks_Exp_T020_Run4_Traces_EventID_39_trace6,[121886]
p_picks_Exp_T020_Run4_Traces_EventID_39_trace7,[121944]
p_picks_Exp_T020_Run4_Traces_EventID_39_trace8,[123275]
p_picks_Exp_T020_Run4_Traces_EventID_39_trace9,[124316]
p_picks_Exp_T020_Run4_Traces_EventID_40_trace1,[123979]
p_picks_Exp_T020_Run4_Traces_EventID_40_trace2,[122899]
p_picks_Exp_T020_Run4_Traces_EventID_40_trace3,[123034]
p_picks_Exp_T020_Run4_Traces_EventID_40_trace4,[122677]
p_picks_Exp_T020_Run4_Traces_EventID_40_trace5,[121867]
p_picks_Exp_T020_Run4_Traces_EventID_40_trace6,[122069]
p_picks_Exp_T020_Run4_Traces_EventID_40_trace7,[122985]
p_picks_Exp_T020_Run4_Traces_EventID_40_trace8,[123304]
p_picks_Exp_T020_Run4_Traces_EventID_40_trace9,[124316]
p_picks_Exp_T020_Run4_Traces_EventID_41_trace1,[123988]
p_picks_Exp_T020_Run4_Traces_EventID_41_trace2,[122976]
p_picks_Exp_T020_Run4_Traces_EventID_41_trace3,[122976]
p_picks_Exp_T020_Run4_Traces_EventID_41_trace4,[122696]
p_picks_Exp_T020_Run4_Traces_EventID_41_trace5,[121905]
p_picks_Exp_T020_Run4_Traces_EventID_41_trace6,[122050]
p_picks_Exp_T020_Run4_Traces_EventID_41_trace7,[122903]
p_picks_Exp_T020_Run4_Traces_EventID_41_trace8,[123352]
p_picks_Exp_T020_Run4_Traces_EventID_41_trace9,[124307]
p_picks_Exp_T020_Run4_Traces_EventID_42_trace1,[123911]
p_picks_Exp_T020_Run4_Traces_EventID_42_trace2,[122870]
p_picks_Exp_T020_Run4_Traces_EventID_42_trace3,[122907]
p_picks_Exp_T020_Run4_Traces_EventID_42_trace4,[122609]
p_picks_Exp_T020_Run4_Traces_EventID_42_trace5,[121327]
p_picks_Exp_T020_Run4_Traces_EventID_42_trace6,[122262]
p_picks_Exp_T020_Run4_Traces_EventID_42_trace7,[122580]
p_picks_Exp_T020_Run4_Traces_EventID_42_trace8,[121182]
p_picks_Exp_T020_Run4_Traces_EventID_42_trace9,[124336]
p_picks_Exp_T020_Run4_Traces_EventID_43_trace1,[123911]
p_picks_Exp_T020_Run4_Traces_EventID_43_trace2,[123024]
p_picks_Exp_T020_Run4_Traces_EventID_43_trace3,[122959]
p_picks_Exp_T020_Run4_Traces_EventID_43_trace4,[122580]
p_picks_Exp_T020_Run4_Traces_EventID_43_trace5,[121278]
p_picks_Exp_T020_Run4_Traces_EventID_43_trace6,[122291]
p_picks_Exp_T020_Run4_Traces_EventID_43_trace7,[122638]
p_picks_Exp_T020_Run4_Traces_EventID_43_trace8,[121278]
p_picks_Exp_T020_Run4_Traces_EventID_43_trace9,[124316]
p_picks_Exp_T020_Run4_Traces_EventID_44_trace1,[123940]
p_picks_Exp_T020_Run4_Traces_EventID_44_trace2,[122860]
p_picks_Exp_T020_Run4_Traces_EventID_44_trace3,[122951]
p_picks_Exp_T020_Run4_Traces_EventID_44_trace4,[122629]
p_picks_Exp_T020_Run4_Traces_EventID_44_trace5,[121278]
p_picks_Exp_T020_Run4_Traces_EventID_44_trace6,[122310]
p_picks_Exp_T020_Run4_Traces_EventID_44_trace7,[122675]
p_picks_Exp_T020_Run4_Traces_EventID_44_trace8,[121332]
p_picks_Exp_T020_Run4_Traces_EventID_44_trace9,[124345]
p_picks_Exp_T020_Run4_Traces_EventID_45_trace1,[123940]
p_picks_Exp_T020_Run4_Traces_EventID_45_trace2,[122841]
p_picks_Exp_T020_Run4_Traces_EventID_45_trace3,[122928]
p_picks_Exp_T020_Run4_Traces_EventID_45_trace4,[122571]
p_picks_Exp_T020_Run4_Traces_EventID_45_trace5,[121654]
p_picks_Exp_T020_Run4_Traces_EventID_45_trace6,[122281]
p_picks_Exp_T020_Run4_Traces_EventID_45_trace7,[122675]
p_picks_Exp_T020_Run4_Traces_EventID_45_trace8,[121298]
p_picks_Exp_T020_Run4_Traces_EventID_45_trace9,[124316]
p_picks_Exp_T020_Run4_Traces_EventID_46_trace1,[123959]
p_picks_Exp_T020_Run4_Traces_EventID_46_trace2,[122889]
p_picks_Exp_T020_Run4_Traces_EventID_46_trace3,[123014]
p_picks_Exp_T020_Run4_Traces_EventID_46_trace4,[122600]
p_picks_Exp_T020_Run4_Traces_EventID_46_trace5,[121683]
p_picks_Exp_T020_Run4_Traces_EventID_46_trace6,[122281]
p_picks_Exp_T020_Run4_Traces_EventID_46_trace7,[122600]
p_picks_Exp_T020_Run4_Traces_EventID_46_trace8,[121336]
p_picks_Exp_T020_Run4_Traces_EventID_46_trace9,[124365]
p_picks_Exp_T020_Run4_Traces_EventID_47_trace1,[123911]
p_picks_Exp_T020_Run4_Traces_EventID_47_trace2,[122875]
p_picks_Exp_T020_Run4_Traces_EventID_47_trace3,[122988]
p_picks_Exp_T020_Run4_Traces_EventID_47_trace4,[122593]
p_picks_Exp_T020_Run4_Traces_EventID_47_trace5,[121214]
p_picks_Exp_T020_Run4_Traces_EventID_47_trace6,[121579]
p_picks_Exp_T020_Run4_Traces_EventID_47_trace7,[122593]
p_picks_Exp_T020_Run4_Traces_EventID_47_trace8,[121257]
p_picks_Exp_T020_Run4_Traces_EventID_47_trace9,[122951]
p_picks_Exp_T020_Run4_Traces_EventID_48_trace1,[123945]
p_picks_Exp_T020_Run4_Traces_EventID_48_trace2,[122914]
p_picks_Exp_T020_Run4_Traces_EventID_48_trace3,[122951]
p_picks_Exp_T020_Run4_Traces_EventID_48_trace4,[122593]
p_picks_Exp_T020_Run4_Traces_EventID_48_trace5,[121319]
p_picks_Exp_T020_Run4_Traces_EventID_48_trace6,[122379]
p_picks_Exp_T020_Run4_Traces_EventID_48_trace7,[122626]
p_picks_Exp_T020_Run4_Traces_EventID_48_trace8,[121263]
p_picks_Exp_T020_Run4_Traces_EventID_48_trace9,[124321]
p_picks_Exp_T020_Run4_Traces_EventID_49_trace1,[123962]
p_picks_Exp_T020_Run4_Traces_EventID_49_trace2,[123050]
p_picks_Exp_T020_Run4_Traces_EventID_49_trace3,[123056]
p_picks_Exp_T020_Run4_Traces_EventID_49_trace4,[122677]
p_picks_Exp_T020_Run4_Traces_EventID_49_trace5,[121358]
p_picks_Exp_T020_Run4_Traces_EventID_49_trace6,[122368]
p_picks_Exp_T020_Run4_Traces_EventID_49_trace7,[122608]
p_picks_Exp_T020_Run4_Traces_EventID_49_trace8,[121289]
p_picks_Exp_T020_Run4_Traces_EventID_49_trace9,[124306]
p_picks_Exp_T020_Run4_Traces_EventID_50_trace1,[124008]
p_picks_Exp_T020_Run4_Traces_EventID_50_trace2,[122930]
p_picks_Exp_T020_Run4_Traces_EventID_50_trace3,[123044]
p_picks_Exp_T020_Run4_Traces_EventID_50_trace4,[122689]
p_picks_Exp_T020_Run4_Traces_EventID_50_trace5,[121289]
p_picks_Exp_T020_Run4_Traces_EventID_50_trace6,[122310]
p_picks_Exp_T020_Run4_Traces_EventID_50_trace7,[122918]
p_picks_Exp_T020_Run4_Traces_EventID_50_trace8,[121335]
p_picks_Exp_T020_Run4_Traces_EventID_50_trace9,[124283]
p_picks_Exp_T020_Run4_Traces_EventID_51_trace1,[123950]
p_picks_Exp_T020_Run4_Traces_EventID_51_trace2,[122907]
p_picks_Exp_T020_Run4_Traces_EventID_51_trace3,[122987]
p_picks_Exp_T020_Run4_Traces_EventID_51_trace4,[122643]
p_picks_Exp_T020_Run4_Traces_EventID_51_trace5,[121358]
p_picks_Exp_T020_Run4_Traces_EventID_51_trace6,[122287]
p_picks_Exp_T020_Run4_Traces_EventID_51_trace7,[122918]
p_picks_Exp_T020_Run4_Traces_EventID_51_trace8,[121335]
p_picks_Exp_T020_Run4_Traces_EventID_51_trace9,[124295]
p_picks_Exp_T020_Run4_Traces_EventID_52_trace1,[123977]
p_picks_Exp_T020_Run4_Traces_EventID_52_trace2,[122987]
p_picks_Exp_T020_Run4_Traces_EventID_52_trace3,[123090]
p_picks_Exp_T020_Run4_Traces_EventID_52_trace4,[122712]
p_picks_Exp_T020_Run4_Traces_EventID_52_trace5,[121335]
p_picks_Exp_T020_Run4_Traces_EventID_52_trace6,[122379]
p_picks_Exp_T020_Run4_Traces_EventID_52_trace7,[122918]
p_picks_Exp_T020_Run4_Traces_EventID_52_trace8,[121370]
p_picks_Exp_T020_Run4_Traces_EventID_52_trace9,[124375]
p_picks_Exp_T020_Run4_Traces_EventID_53_trace1,[123990]
p_picks_Exp_T020_Run4_Traces_EventID_53_trace2,[122975]
p_picks_Exp_T020_Run4_Traces_EventID_53_trace3,[123044]
p_picks_Exp_T020_Run4_Traces_EventID_53_trace4,[122700]
p_picks_Exp_T020_Run4_Traces_EventID_53_trace5,[121415]
p_picks_Exp_T020_Run4_Traces_EventID_53_trace6,[122402]
p_picks_Exp_T020_Run4_Traces_EventID_53_trace7,[123021]
p_picks_Exp_T020_Run4_Traces_EventID_53_trace8,[121312]
p_picks_Exp_T020_Run4_Traces_EventID_53_trace9,[124341]
p_picks_Exp_T020_Run4_Traces_EventID_54_trace1,[123950]
p_picks_Exp_T020_Run4_Traces_EventID_54_trace2,[122918]
p_picks_Exp_T020_Run4_Traces_EventID_54_trace3,[123044]
p_picks_Exp_T020_Run4_Traces_EventID_54_trace4,[122666]
p_picks_Exp_T020_Run4_Traces_EventID_54_trace5,[121415]
p_picks_Exp_T020_Run4_Traces_EventID_54_trace6,[122368]
p_picks_Exp_T020_Run4_Traces_EventID_54_trace7,[122987]
p_picks_Exp_T020_Run4_Traces_EventID_54_trace8,[121289]
p_picks_Exp_T020_Run4_Traces_EventID_54_trace9,[124352]
p_picks_Exp_T020_Run4_Traces_EventID_55_trace1,[123977]
p_picks_Exp_T020_Run4_Traces_EventID_55_trace2,[122941]
p_picks_Exp_T020_Run4_Traces_EventID_55_trace3,[123090]
p_picks_Exp_T020_Run4_Traces_EventID_55_trace4,[122666]
p_picks_Exp_T020_Run4_Traces_EventID_55_trace5,[121393]
p_picks_Exp_T020_Run4_Traces_EventID_55_trace6,[122379]
p_picks_Exp_T020_Run4_Traces_EventID_55_trace7,[122964]
p_picks_Exp_T020_Run4_Traces_EventID_55_trace8,[121335]
p_picks_Exp_T020_Run4_Traces_EventID_55_trace9,[124295]
p_picks_Exp_T020_Run4_Traces_EventID_56_trace1,[123985]
p_picks_Exp_T020_Run4_Traces_EventID_56_trace2,[122987]
p_picks_Exp_T020_Run4_Traces_EventID_56_trace3,[123079]
p_picks_Exp_T020_Run4_Traces_EventID_56_trace4,[122735]
p_picks_Exp_T020_Run4_Traces_EventID_56_trace5,[121370]
p_picks_Exp_T020_Run4_Traces_EventID_56_trace6,[122368]
p_picks_Exp_T020_Run4_Traces_EventID_56_trace7,[122987]
p_picks_Exp_T020_Run4_Traces_EventID_56_trace8,[121393]
p_picks_Exp_T020_Run4_Traces_EventID_56_trace9,[124363]
p_picks_Exp_T020_Run4_Traces_EventID_57_trace1,[124019]
p_picks_Exp_T020_Run4_Traces_EventID_57_trace2,[122953]
p_picks_Exp_T020_Run4_Traces_EventID_57_trace3,[123090]
p_picks_Exp_T020_Run4_Traces_EventID_57_trace4,[122677]
p_picks_Exp_T020_Run4_Traces_EventID_57_trace5,[121370]
p_picks_Exp_T020_Run4_Traces_EventID_57_trace6,[122379]
p_picks_Exp_T020_Run4_Traces_EventID_57_trace7,[122998]
p_picks_Exp_T020_Run4_Traces_EventID_57_trace8,[121393]
p_picks_Exp_T020_Run4_Traces_EventID_57_trace9,[121725]
p_picks_Exp_T020_Run4_Traces_EventID_58_trace1,[123962]
p_picks_Exp_T020_Run4_Traces_EventID_58_trace2,[123010]
p_picks_Exp_T020_Run4_Traces_EventID_58_trace3,[122998]
p_picks_Exp_T020_Run4_Traces_EventID_58_trace4,[122677]
p_picks_Exp_T020_Run4_Traces_EventID_58_trace5,[121404]
p_picks_Exp_T020_Run4_Traces_EventID_58_trace6,[122402]
p_picks_Exp_T020_Run4_Traces_EventID_58_trace7,[122987]
p_picks_Exp_T020_Run4_Traces_EventID_58_trace8,[121335]
p_picks_Exp_T020_Run4_Traces_EventID_58_trace9,[121783]
p_picks_Exp_T020_Run4_Traces_EventID_59_trace1,[123879]
p_picks_Exp_T020_Run4_Traces_EventID_59_trace2,[122930]
p_picks_Exp_T020_Run4_Traces_EventID_59_trace3,[123090]
p_picks_Exp_T020_Run4_Traces_EventID_59_trace4,[122677]
p_picks_Exp_T020_Run4_Traces_EventID_59_trace5,[121415]
p_picks_Exp_T020_Run4_Traces_EventID_59_trace6,[122345]
p_picks_Exp_T020_Run4_Traces_EventID_59_trace7,[122953]
p_picks_Exp_T020_Run4_Traces_EventID_59_trace8,[121312]
p_picks_Exp_T020_Run4_Traces_EventID_59_trace9,[121748]
p_picks_Exp_T020_Run4_Traces_EventID_60_trace1,[123995]
p_picks_Exp_T020_Run4_Traces_EventID_60_trace2,[122975]
p_picks_Exp_T020_Run4_Traces_EventID_60_trace3,[123021]
p_picks_Exp_T020_Run4_Traces_EventID_60_trace4,[122677]
p_picks_Exp_T020_Run4_Traces_EventID_60_trace5,[121370]
p_picks_Exp_T020_Run4_Traces_EventID_60_trace6,[122368]
p_picks_Exp_T020_Run4_Traces_EventID_60_trace7,[122964]
p_picks_Exp_T020_Run4_Traces_EventID_60_trace8,[121370]
p_picks_Exp_T020_Run4_Traces_EventID_60_trace9,[121702]
p_picks_Exp_T020_Run4_Traces_EventID_61_trace1,[123991]
p_picks_Exp_T020_Run4_Traces_EventID_61_trace2,[122987]
p_picks_Exp_T020_Run4_Traces_EventID_61_trace3,[123113]
p_picks_Exp_T020_Run4_Traces_EventID_61_trace4,[121599]
p_picks_Exp_T020_Run4_Traces_EventID_61_trace5,[121393]
p_picks_Exp_T020_Run4_Traces_EventID_61_trace6,[122402]
p_picks_Exp_T020_Run4_Traces_EventID_61_trace7,[122953]
p_picks_Exp_T020_Run4_Traces_EventID_61_trace8,[121266]
p_picks_Exp_T020_Run4_Traces_EventID_61_trace9,[121783]
p_picks_Exp_T020_Run4_Traces_EventID_62_trace1,[123971]
p_picks_Exp_T020_Run4_Traces_EventID_62_trace2,[122907]
p_picks_Exp_T020_Run4_Traces_EventID_62_trace3,[122987]
p_picks_Exp_T020_Run4_Traces_EventID_62_trace4,[122700]
p_picks_Exp_T020_Run4_Traces_EventID_62_trace5,[121393]
p_picks_Exp_T020_Run4_Traces_EventID_62_trace6,[122402]
p_picks_Exp_T020_Run4_Traces_EventID_62_trace7,[123021]
p_picks_Exp_T020_Run4_Traces_EventID_62_trace8,[121358]
p_picks_Exp_T020_Run4_Traces_EventID_62_trace9,[121794]
p_picks_Exp_T020_Run4_Traces_EventID_63_trace1,[123986]
p_picks_Exp_T020_Run4_Traces_EventID_63_trace2,[122918]
p_picks_Exp_T020_Run4_Traces_EventID_63_trace3,[123044]
p_picks_Exp_T020_Run4_Traces_EventID_63_trace4,[122677]
p_picks_Exp_T020_Run4_Traces_EventID_63_trace5,[121370]
p_picks_Exp_T020_Run4_Traces_EventID_63_trace6,[122368]
p_picks_Exp_T020_Run4_Traces_EventID_63_trace7,[122941]
p_picks_Exp_T020_Run4_Traces_EventID_63_trace8,[121255]
p_picks_Exp_T020_Run4_Traces_EventID_63_trace9,[121760]
p_picks_Exp_T020_Run4_Traces_EventID_64_trace1,[123991]
p_picks_Exp_T020_Run4_Traces_EventID_64_trace2,[122953]
p_picks_Exp_T020_Run4_Traces_EventID_64_trace3,[123079]
p_picks_Exp_T020_Run4_Traces_EventID_64_trace4,[121610]
p_picks_Exp_T020_Run4_Traces_EventID_64_trace5,[121370]
p_picks_Exp_T020_Run4_Traces_EventID_64_trace6,[122345]
p_picks_Exp_T020_Run4_Traces_EventID_64_trace7,[122987]
p_picks_Exp_T020_Run4_Traces_EventID_64_trace8,[121347]
p_picks_Exp_T020_Run4_Traces_EventID_64_trace9,[121783]
p_picks_Exp_T020_Run4_Traces_EventID_65_trace1,[123973]
p_picks_Exp_T020_Run4_Traces_EventID_65_trace2,[122975]
p_picks_Exp_T020_Run4_Traces_EventID_65_trace3,[123056]
p_picks_Exp_T020_Run4_Traces_EventID_65_trace4,[121553]
p_picks_Exp_T020_Run4_Traces_EventID_65_trace5,[121370]
p_picks_Exp_T020_Run4_Traces_EventID_65_trace6,[122402]
p_picks_Exp_T020_Run4_Traces_EventID_65_trace7,[122998]
p_picks_Exp_T020_Run4_Traces_EventID_65_trace8,[121370]
p_picks_Exp_T020_Run4_Traces_EventID_65_trace9,[121794]
p_picks_Exp_T020_Run4_Traces_EventID_66_trace1,[124039]
p_picks_Exp_T020_Run4_Traces_EventID_66_trace2,[122953]
p_picks_Exp_T020_Run4_Traces_EventID_66_trace3,[123021]
p_picks_Exp_T020_Run4_Traces_EventID_66_trace4,[121553]
p_picks_Exp_T020_Run4_Traces_EventID_66_trace5,[121370]
p_picks_Exp_T020_Run4_Traces_EventID_66_trace6,[122413]
p_picks_Exp_T020_Run4_Traces_EventID_66_trace7,[122975]
p_picks_Exp_T020_Run4_Traces_EventID_66_trace8,[121301]
p_picks_Exp_T020_Run4_Traces_EventID_66_trace9,[121760]
p_picks_Exp_T020_Run4_Traces_EventID_67_trace1,[123828]
p_picks_Exp_T020_Run4_Traces_EventID_67_trace2,[122987]
p_picks_Exp_T020_Run4_Traces_EventID_67_trace3,[123010]
p_picks_Exp_T020_Run4_Traces_EventID_67_trace4,[121599]
p_picks_Exp_T020_Run4_Traces_EventID_67_trace5,[121358]
p_picks_Exp_T020_Run4_Traces_EventID_67_trace6,[122379]
p_picks_Exp_T020_Run4_Traces_EventID_67_trace7,[122930]
p_picks_Exp_T020_Run4_Traces_EventID_67_trace8,[121358]
p_picks_Exp_T020_Run4_Traces_EventID_67_trace9,[121760]
p_picks_Exp_T020_Run4_Traces_EventID_68_trace1,[123864]
p_picks_Exp_T020_Run4_Traces_EventID_68_trace2,[122975]
p_picks_Exp_T020_Run4_Traces_EventID_68_trace3,[123067]
p_picks_Exp_T020_Run4_Traces_EventID_68_trace4,[121588]
p_picks_Exp_T020_Run4_Traces_EventID_68_trace5,[121335]
p_picks_Exp_T020_Run4_Traces_EventID_68_trace6,[122390]
p_picks_Exp_T020_Run4_Traces_EventID_68_trace7,[122975]
p_picks_Exp_T020_Run4_Traces_EventID_68_trace8,[121312]
p_picks_Exp_T020_Run4_Traces_EventID_68_trace9,[121737]
p_picks_Exp_T020_Run5_Traces_EventID_100_trace1,[124386]
p_picks_Exp_T020_Run5_Traces_EventID_100_trace2,[124386]
p_picks_Exp_T020_Run5_Traces_EventID_100_trace3,[124363]
p_picks_Exp_T020_Run5_Traces_EventID_100_trace4,[124249]
p_picks_Exp_T020_Run5_Traces_EventID_100_trace5,[123970]
p_picks_Exp_T020_Run5_Traces_EventID_100_trace6,[123958]
p_picks_Exp_T020_Run5_Traces_EventID_100_trace7,[123973]
p_picks_Exp_T020_Run5_Traces_EventID_100_trace8,[124059]
p_picks_Exp_T020_Run5_Traces_EventID_100_trace9,[117148]
p_picks_Exp_T020_Run5_Traces_EventID_101_trace1,[124336]
p_picks_Exp_T020_Run5_Traces_EventID_101_trace2,[124396]
p_picks_Exp_T020_Run5_Traces_EventID_101_trace3,[124312]
p_picks_Exp_T020_Run5_Traces_EventID_101_trace4,[124216]
p_picks_Exp_T020_Run5_Traces_EventID_101_trace5,[123988]
p_picks_Exp_T020_Run5_Traces_EventID_101_trace6,[123982]
p_picks_Exp_T020_Run5_Traces_EventID_101_trace7,[123952]
p_picks_Exp_T020_Run5_Traces_EventID_101_trace8,[124036]
p_picks_Exp_T020_Run5_Traces_EventID_101_trace9,[117146]
p_picks_Exp_T020_Run5_Traces_EventID_102_trace1,[124384]
p_picks_Exp_T020_Run5_Traces_EventID_102_trace2,[124372]
p_picks_Exp_T020_Run5_Traces_EventID_102_trace3,[123870]
p_picks_Exp_T020_Run5_Traces_EventID_102_trace4,[123964]
p_picks_Exp_T020_Run5_Traces_EventID_102_trace5,[123958]
p_picks_Exp_T020_Run5_Traces_EventID_102_trace6,[123982]
p_picks_Exp_T020_Run5_Traces_EventID_102_trace7,[124011]
p_picks_Exp_T020_Run5_Traces_EventID_102_trace8,[123874]
p_picks_Exp_T020_Run5_Traces_EventID_102_trace9,[117132]
p_picks_Exp_T020_Run5_Traces_EventID_103_trace1,[124359]
p_picks_Exp_T020_Run5_Traces_EventID_103_trace2,[123865]
p_picks_Exp_T020_Run5_Traces_EventID_103_trace3,[124301]
p_picks_Exp_T020_Run5_Traces_EventID_103_trace4,[123968]
p_picks_Exp_T020_Run5_Traces_EventID_103_trace5,[123991]
p_picks_Exp_T020_Run5_Traces_EventID_103_trace6,[124015]
p_picks_Exp_T020_Run5_Traces_EventID_103_trace7,[124021]
p_picks_Exp_T020_Run5_Traces_EventID_103_trace8,[123980]
p_picks_Exp_T020_Run5_Traces_EventID_103_trace9,[117134]
p_picks_Exp_T020_Run5_Traces_EventID_104_trace1,[124389]
p_picks_Exp_T020_Run5_Traces_EventID_104_trace2,[124377]
p_picks_Exp_T020_Run5_Traces_EventID_104_trace3,[124377]
p_picks_Exp_T020_Run5_Traces_EventID_104_trace4,[123971]
p_picks_Exp_T020_Run5_Traces_EventID_104_trace5,[123977]
p_picks_Exp_T020_Run5_Traces_EventID_104_trace6,[123980]
p_picks_Exp_T020_Run5_Traces_EventID_104_trace7,[123992]
p_picks_Exp_T020_Run5_Traces_EventID_104_trace8,[123956]
p_picks_Exp_T020_Run5_Traces_EventID_104_trace9,[117162]
p_picks_Exp_T020_Run5_Traces_EventID_105_trace1,[124016]
p_picks_Exp_T020_Run5_Traces_EventID_105_trace2,[124029]
p_picks_Exp_T020_Run5_Traces_EventID_105_trace3,[124076]
p_picks_Exp_T020_Run5_Traces_EventID_105_trace4,[124220]
p_picks_Exp_T020_Run5_Traces_EventID_105_trace5,[124046]
p_picks_Exp_T020_Run5_Traces_EventID_105_trace6,[123846]
p_picks_Exp_T020_Run5_Traces_EventID_105_trace7,[123968]
p_picks_Exp_T020_Run5_Traces_EventID_105_trace8,[123992]
p_picks_Exp_T020_Run5_Traces_EventID_105_trace9,[117138]
p_picks_Exp_T020_Run5_Traces_EventID_106_trace1,[123985]
p_picks_Exp_T020_Run5_Traces_EventID_106_trace2,[123994]
p_picks_Exp_T020_Run5_Traces_EventID_106_trace3,[124343]
p_picks_Exp_T020_Run5_Traces_EventID_106_trace4,[123908]
p_picks_Exp_T020_Run5_Traces_EventID_106_trace5,[123934]
p_picks_Exp_T020_Run5_Traces_EventID_106_trace6,[123988]
p_picks_Exp_T020_Run5_Traces_EventID_106_trace7,[123990]
p_picks_Exp_T020_Run5_Traces_EventID_106_trace8,[123990]
p_picks_Exp_T020_Run5_Traces_EventID_106_trace9,[117336]
p_picks_Exp_T020_Run5_Traces_EventID_107_trace1,[124398]
p_picks_Exp_T020_Run5_Traces_EventID_107_trace2,[124383]
p_picks_Exp_T020_Run5_Traces_EventID_107_trace3,[124422]
p_picks_Exp_T020_Run5_Traces_EventID_107_trace4,[124202]
p_picks_Exp_T020_Run5_Traces_EventID_107_trace5,[123959]
p_picks_Exp_T020_Run5_Traces_EventID_107_trace6,[123938]
p_picks_Exp_T020_Run5_Traces_EventID_107_trace7,[123977]
p_picks_Exp_T020_Run5_Traces_EventID_107_trace8,[123964]
p_picks_Exp_T020_Run5_Traces_EventID_107_trace9,[117142]
p_picks_Exp_T020_Run5_Traces_EventID_108_trace1,[124365]
p_picks_Exp_T020_Run5_Traces_EventID_108_trace2,[124211]
p_picks_Exp_T020_Run5_Traces_EventID_108_trace3,[124159]
p_picks_Exp_T020_Run5_Traces_EventID_108_trace4,[124068]
p_picks_Exp_T020_Run5_Traces_EventID_108_trace5,[124085]
p_picks_Exp_T020_Run5_Traces_EventID_108_trace6,[123938]
p_picks_Exp_T020_Run5_Traces_EventID_108_trace7,[124029]
p_picks_Exp_T020_Run5_Traces_EventID_108_trace8,[124033]
p_picks_Exp_T020_Run5_Traces_EventID_108_trace9,[117330]
p_picks_Exp_T020_Run5_Traces_EventID_109_trace1,[124315]
p_picks_Exp_T020_Run5_Traces_EventID_109_trace2,[124322]
p_picks_Exp_T020_Run5_Traces_EventID_109_trace3,[124175]
p_picks_Exp_T020_Run5_Traces_EventID_109_trace4,[123977]
p_picks_Exp_T020_Run5_Traces_EventID_109_trace5,[123977]
p_picks_Exp_T020_Run5_Traces_EventID_109_trace6,[123977]
p_picks_Exp_T020_Run5_Traces_EventID_109_trace7,[124042]
p_picks_Exp_T020_Run5_Traces_EventID_109_trace8,[123964]
p_picks_Exp_T020_Run5_Traces_EventID_109_trace9,[117331]
p_picks_Exp_T020_Run5_Traces_EventID_110_trace1,[124346]
p_picks_Exp_T020_Run5_Traces_EventID_110_trace2,[124120]
p_picks_Exp_T020_Run5_Traces_EventID_110_trace3,[123938]
p_picks_Exp_T020_Run5_Traces_EventID_110_trace4,[123925]
p_picks_Exp_T020_Run5_Traces_EventID_110_trace5,[123890]
p_picks_Exp_T020_Run5_Traces_EventID_110_trace6,[123990]
p_picks_Exp_T020_Run5_Traces_EventID_110_trace7,[124011]
p_picks_Exp_T020_Run5_Traces_EventID_110_trace8,[124042]
p_picks_Exp_T020_Run5_Traces_EventID_110_trace9,[117147]
p_picks_Exp_T020_Run5_Traces_EventID_111_trace1,[123794]
p_picks_Exp_T020_Run5_Traces_EventID_111_trace2,[124081]
p_picks_Exp_T020_Run5_Traces_EventID_111_trace3,[123911]
p_picks_Exp_T020_Run5_Traces_EventID_111_trace4,[123911]
p_picks_Exp_T020_Run5_Traces_EventID_111_trace5,[123946]
p_picks_Exp_T020_Run5_Traces_EventID_111_trace6,[123959]
p_picks_Exp_T020_Run5_Traces_EventID_111_trace7,[124016]
p_picks_Exp_T020_Run5_Traces_EventID_111_trace8,[123938]
p_picks_Exp_T020_Run5_Traces_EventID_111_trace9,[117268]
p_picks_Exp_T020_Run5_Traces_EventID_112_trace1,[123807]
p_picks_Exp_T020_Run5_Traces_EventID_112_trace2,[124011]
p_picks_Exp_T020_Run5_Traces_EventID_112_trace3,[123946]
p_picks_Exp_T020_Run5_Traces_EventID_112_trace4,[123881]
p_picks_Exp_T020_Run5_Traces_EventID_112_trace5,[123955]
p_picks_Exp_T020_Run5_Traces_EventID_112_trace6,[123990]
p_picks_Exp_T020_Run5_Traces_EventID_112_trace7,[124020]
p_picks_Exp_T020_Run5_Traces_EventID_112_trace8,[124033]
p_picks_Exp_T020_Run5_Traces_EventID_112_trace9,[117298]
p_picks_Exp_T020_Run5_Traces_EventID_113_trace1,[123881]
p_picks_Exp_T020_Run5_Traces_EventID_113_trace2,[123972]
p_picks_Exp_T020_Run5_Traces_EventID_113_trace3,[123925]
p_picks_Exp_T020_Run5_Traces_EventID_113_trace4,[123925]
p_picks_Exp_T020_Run5_Traces_EventID_113_trace5,[123972]
p_picks_Exp_T020_Run5_Traces_EventID_113_trace6,[124029]
p_picks_Exp_T020_Run5_Traces_EventID_113_trace7,[124029]
p_picks_Exp_T020_Run5_Traces_EventID_113_trace8,[123768]
p_picks_Exp_T020_Run5_Traces_EventID_113_trace9,[117268]
p_picks_Exp_T020_Run5_Traces_EventID_114_trace1,[123946]
p_picks_Exp_T020_Run5_Traces_EventID_114_trace2,[123920]
p_picks_Exp_T020_Run5_Traces_EventID_114_trace3,[123972]
p_picks_Exp_T020_Run5_Traces_EventID_114_trace4,[123946]
p_picks_Exp_T020_Run5_Traces_EventID_114_trace5,[124016]
p_picks_Exp_T020_Run5_Traces_EventID_114_trace6,[124024]
p_picks_Exp_T020_Run5_Traces_EventID_114_trace7,[123920]
p_picks_Exp_T020_Run5_Traces_EventID_114_trace8,[123925]
p_picks_Exp_T020_Run5_Traces_EventID_114_trace9,[117313]
p_picks_Exp_T020_Run5_Traces_EventID_115_trace1,[123977]
p_picks_Exp_T020_Run5_Traces_EventID_115_trace2,[124016]
p_picks_Exp_T020_Run5_Traces_EventID_115_trace3,[123951]
p_picks_Exp_T020_Run5_Traces_EventID_115_trace4,[123832]
p_picks_Exp_T020_Run5_Traces_EventID_115_trace5,[123803]
p_picks_Exp_T020_Run5_Traces_EventID_115_trace6,[123864]
p_picks_Exp_T020_Run5_Traces_EventID_115_trace7,[123959]
p_picks_Exp_T020_Run5_Traces_EventID_115_trace8,[123925]
p_picks_Exp_T020_Run5_Traces_EventID_115_trace9,[117132]
p_picks_Exp_T020_Run5_Traces_EventID_116_trace1,[123903]
p_picks_Exp_T020_Run5_Traces_EventID_116_trace2,[123998]
p_picks_Exp_T020_Run5_Traces_EventID_116_trace3,[124020]
p_picks_Exp_T020_Run5_Traces_EventID_116_trace4,[124029]
p_picks_Exp_T020_Run5_Traces_EventID_116_trace5,[123794]
p_picks_Exp_T020_Run5_Traces_EventID_116_trace6,[123925]
p_picks_Exp_T020_Run5_Traces_EventID_116_trace7,[123864]
p_picks_Exp_T020_Run5_Traces_EventID_116_trace8,[123916]
p_picks_Exp_T020_Run5_Traces_EventID_116_trace9,[117253]
p_picks_Exp_T020_Run5_Traces_EventID_117_trace1,[123990]
p_picks_Exp_T020_Run5_Traces_EventID_117_trace2,[124016]
p_picks_Exp_T020_Run5_Traces_EventID_117_trace3,[124042]
p_picks_Exp_T020_Run5_Traces_EventID_117_trace4,[123742]
p_picks_Exp_T020_Run5_Traces_EventID_117_trace5,[123903]
p_picks_Exp_T020_Run5_Traces_EventID_117_trace6,[123911]
p_picks_Exp_T020_Run5_Traces_EventID_117_trace7,[123907]
p_picks_Exp_T020_Run5_Traces_EventID_117_trace8,[123920]
p_picks_Exp_T020_Run5_Traces_EventID_117_trace9,[117117]
p_picks_Exp_T020_Run5_Traces_EventID_118_trace1,[124024]
p_picks_Exp_T020_Run5_Traces_EventID_118_trace2,[124029]
p_picks_Exp_T020_Run5_Traces_EventID_118_trace3,[123977]
p_picks_Exp_T020_Run5_Traces_EventID_118_trace4,[124013]
p_picks_Exp_T020_Run5_Traces_EventID_118_trace5,[123868]
p_picks_Exp_T020_Run5_Traces_EventID_118_trace6,[123903]
p_picks_Exp_T020_Run5_Traces_EventID_118_trace7,[123881]
p_picks_Exp_T020_Run5_Traces_EventID_118_trace8,[123929]
p_picks_Exp_T020_Run5_Traces_EventID_118_trace9,[117298]
p_picks_Exp_T020_Run5_Traces_EventID_119_trace1,[123946]
p_picks_Exp_T020_Run5_Traces_EventID_119_trace2,[123985]
p_picks_Exp_T020_Run5_Traces_EventID_119_trace3,[123977]
p_picks_Exp_T020_Run5_Traces_EventID_119_trace4,[123892]
p_picks_Exp_T020_Run5_Traces_EventID_119_trace5,[123868]
p_picks_Exp_T020_Run5_Traces_EventID_119_trace6,[123953]
p_picks_Exp_T020_Run5_Traces_EventID_119_trace7,[123894]
p_picks_Exp_T020_Run5_Traces_EventID_119_trace8,[123868]
p_picks_Exp_T020_Run5_Traces_EventID_119_trace9,[117117]
p_picks_Exp_T020_Run5_Traces_EventID_120_trace1,[123981]
p_picks_Exp_T020_Run5_Traces_EventID_120_trace2,[124011]
p_picks_Exp_T020_Run5_Traces_EventID_120_trace3,[124316]
p_picks_Exp_T020_Run5_Traces_EventID_120_trace4,[123872]
p_picks_Exp_T020_Run5_Traces_EventID_120_trace5,[123842]
p_picks_Exp_T020_Run5_Traces_EventID_120_trace6,[123907]
p_picks_Exp_T020_Run5_Traces_EventID_120_trace7,[123951]
p_picks_Exp_T020_Run5_Traces_EventID_120_trace8,[123977]
p_picks_Exp_T020_Run5_Traces_EventID_120_trace9,[117283]
p_picks_Exp_T020_Run5_Traces_EventID_121_trace1,[124016]
p_picks_Exp_T020_Run5_Traces_EventID_121_trace2,[124020]
p_picks_Exp_T020_Run5_Traces_EventID_121_trace3,[123786]
p_picks_Exp_T020_Run5_Traces_EventID_121_trace4,[123872]
p_picks_Exp_T020_Run5_Traces_EventID_121_trace5,[123964]
p_picks_Exp_T020_Run5_Traces_EventID_121_trace6,[123898]
p_picks_Exp_T020_Run5_Traces_EventID_121_trace7,[123894]
p_picks_Exp_T020_Run5_Traces_EventID_121_trace8,[123951]
p_picks_Exp_T020_Run5_Traces_EventID_121_trace9,[117268]
p_picks_Exp_T020_Run5_Traces_EventID_122_trace1,[123998]
p_picks_Exp_T020_Run5_Traces_EventID_122_trace2,[124016]
p_picks_Exp_T020_Run5_Traces_EventID_122_trace3,[124300]
p_picks_Exp_T020_Run5_Traces_EventID_122_trace4,[123801]
p_picks_Exp_T020_Run5_Traces_EventID_122_trace5,[123903]
p_picks_Exp_T020_Run5_Traces_EventID_122_trace6,[123846]
p_picks_Exp_T020_Run5_Traces_EventID_122_trace7,[123903]
p_picks_Exp_T020_Run5_Traces_EventID_122_trace8,[123925]
p_picks_Exp_T020_Run5_Traces_EventID_122_trace9,[117298]
p_picks_Exp_T020_Run5_Traces_EventID_123_trace1,[123985]
p_picks_Exp_T020_Run5_Traces_EventID_123_trace2,[123994]
p_picks_Exp_T020_Run5_Traces_EventID_123_trace3,[124331]
p_picks_Exp_T020_Run5_Traces_EventID_123_trace4,[123894]
p_picks_Exp_T020_Run5_Traces_EventID_123_trace5,[123903]
p_picks_Exp_T020_Run5_Traces_EventID_123_trace6,[123872]
p_picks_Exp_T020_Run5_Traces_EventID_123_trace7,[123894]
p_picks_Exp_T020_Run5_Traces_EventID_123_trace8,[123955]
p_picks_Exp_T020_Run5_Traces_EventID_123_trace9,[117253]
p_picks_Exp_T020_Run5_Traces_EventID_124_trace1,[123998]
p_picks_Exp_T020_Run5_Traces_EventID_124_trace2,[123981]
p_picks_Exp_T020_Run5_Traces_EventID_124_trace3,[123938]
p_picks_Exp_T020_Run5_Traces_EventID_124_trace4,[123922]
p_picks_Exp_T020_Run5_Traces_EventID_124_trace5,[123959]
p_picks_Exp_T020_Run5_Traces_EventID_124_trace6,[123898]
p_picks_Exp_T020_Run5_Traces_EventID_124_trace7,[123885]
p_picks_Exp_T020_Run5_Traces_EventID_124_trace8,[123951]
p_picks_Exp_T020_Run5_Traces_EventID_124_trace9,[117253]
p_picks_Exp_T020_Run5_Traces_EventID_69_trace1,[124240]
p_picks_Exp_T020_Run5_Traces_EventID_69_trace2,[123998]
p_picks_Exp_T020_Run5_Traces_EventID_69_trace3,[123862]
p_picks_Exp_T020_Run5_Traces_EventID_69_trace4,[123838]
p_picks_Exp_T020_Run5_Traces_EventID_69_trace5,[123862]
p_picks_Exp_T020_Run5_Traces_EventID_69_trace6,[124013]
p_picks_Exp_T020_Run5_Traces_EventID_69_trace7,[124240]
p_picks_Exp_T020_Run5_Traces_EventID_69_trace8,[123967]
p_picks_Exp_T020_Run5_Traces_EventID_69_trace9,[123801]
p_picks_Exp_T020_Run5_Traces_EventID_70_trace1,[124285]
p_picks_Exp_T020_Run5_Traces_EventID_70_trace2,[124210]
p_picks_Exp_T020_Run5_Traces_EventID_70_trace3,[124180]
p_picks_Exp_T020_Run5_Traces_EventID_70_trace4,[123951]
p_picks_Exp_T020_Run5_Traces_EventID_70_trace5,[123902]
p_picks_Exp_T020_Run5_Traces_EventID_70_trace6,[123935]
p_picks_Exp_T020_Run5_Traces_EventID_70_trace7,[124164]
p_picks_Exp_T020_Run5_Traces_EventID_70_trace8,[124000]
p_picks_Exp_T020_Run5_Traces_EventID_70_trace9,[123801]
p_picks_Exp_T020_Run5_Traces_EventID_71_trace1,[124300]
p_picks_Exp_T020_Run5_Traces_EventID_71_trace2,[123878]
p_picks_Exp_T020_Run5_Traces_EventID_71_trace3,[123829]
p_picks_Exp_T020_Run5_Traces_EventID_71_trace4,[123884]
p_picks_Exp_T020_Run5_Traces_EventID_71_trace5,[123902]
p_picks_Exp_T020_Run5_Traces_EventID_71_trace6,[123956]
p_picks_Exp_T020_Run5_Traces_EventID_71_trace7,[124180]
p_picks_Exp_T020_Run5_Traces_EventID_71_trace8,[123992]
p_picks_Exp_T020_Run5_Traces_EventID_71_trace9,[123801]
p_picks_Exp_T020_Run5_Traces_EventID_72_trace1,[124316]
p_picks_Exp_T020_Run5_Traces_EventID_72_trace2,[123857]
p_picks_Exp_T020_Run5_Traces_EventID_72_trace3,[123884]
p_picks_Exp_T020_Run5_Traces_EventID_72_trace4,[123884]
p_picks_Exp_T020_Run5_Traces_EventID_72_trace5,[123929]
p_picks_Exp_T020_Run5_Traces_EventID_72_trace6,[123938]
p_picks_Exp_T020_Run5_Traces_EventID_72_trace7,[123992]
p_picks_Exp_T020_Run5_Traces_EventID_72_trace8,[123983]
p_picks_Exp_T020_Run5_Traces_EventID_72_trace9,[123786]
p_picks_Exp_T020_Run5_Traces_EventID_73_trace1,[123866]
p_picks_Exp_T020_Run5_Traces_EventID_73_trace2,[123893]
p_picks_Exp_T020_Run5_Traces_EventID_73_trace3,[123875]
p_picks_Exp_T020_Run5_Traces_EventID_73_trace4,[123947]
p_picks_Exp_T020_Run5_Traces_EventID_73_trace5,[123965]
p_picks_Exp_T020_Run5_Traces_EventID_73_trace6,[123974]
p_picks_Exp_T020_Run5_Traces_EventID_73_trace7,[123974]
p_picks_Exp_T020_Run5_Traces_EventID_73_trace8,[124013]
p_picks_Exp_T020_Run5_Traces_EventID_73_trace9,[123857]
p_picks_Exp_T020_Run5_Traces_EventID_74_trace1,[123857]
p_picks_Exp_T020_Run5_Traces_EventID_74_trace2,[123857]
p_picks_Exp_T020_Run5_Traces_EventID_74_trace3,[123893]
p_picks_Exp_T020_Run5_Traces_EventID_74_trace4,[123911]
p_picks_Exp_T020_Run5_Traces_EventID_74_trace5,[123965]
p_picks_Exp_T020_Run5_Traces_EventID_74_trace6,[123983]
p_picks_Exp_T020_Run5_Traces_EventID_74_trace7,[123992]
p_picks_Exp_T020_Run5_Traces_EventID_74_trace8,[123968]
p_picks_Exp_T020_Run5_Traces_EventID_74_trace9,[123786]
p_picks_Exp_T020_Run5_Traces_EventID_75_trace1,[124270]
p_picks_Exp_T020_Run5_Traces_EventID_75_trace2,[123848]
p_picks_Exp_T020_Run5_Traces_EventID_75_trace3,[123902]
p_picks_Exp_T020_Run5_Traces_EventID_75_trace4,[123929]
p_picks_Exp_T020_Run5_Traces_EventID_75_trace5,[123938]
p_picks_Exp_T020_Run5_Traces_EventID_75_trace6,[123956]
p_picks_Exp_T020_Run5_Traces_EventID_75_trace7,[123965]
p_picks_Exp_T020_Run5_Traces_EventID_75_trace8,[123998]
p_picks_Exp_T020_Run5_Traces_EventID_75_trace9,[123786]
p_picks_Exp_T020_Run5_Traces_EventID_76_trace1,[124346]
p_picks_Exp_T020_Run5_Traces_EventID_76_trace2,[123902]
p_picks_Exp_T020_Run5_Traces_EventID_76_trace3,[123857]
p_picks_Exp_T020_Run5_Traces_EventID_76_trace4,[123902]
p_picks_Exp_T020_Run5_Traces_EventID_76_trace5,[123974]
p_picks_Exp_T020_Run5_Traces_EventID_76_trace6,[123974]
p_picks_Exp_T020_Run5_Traces_EventID_76_trace7,[123992]
p_picks_Exp_T020_Run5_Traces_EventID_76_trace8,[124028]
p_picks_Exp_T020_Run5_Traces_EventID_76_trace9,[123884]
p_picks_Exp_T020_Run5_Traces_EventID_77_trace1,[123875]
p_picks_Exp_T020_Run5_Traces_EventID_77_trace2,[123813]
p_picks_Exp_T020_Run5_Traces_EventID_77_trace3,[123947]
p_picks_Exp_T020_Run5_Traces_EventID_77_trace4,[123965]
p_picks_Exp_T020_Run5_Traces_EventID_77_trace5,[123965]
p_picks_Exp_T020_Run5_Traces_EventID_77_trace6,[123992]
p_picks_Exp_T020_Run5_Traces_EventID_77_trace7,[124013]
p_picks_Exp_T020_Run5_Traces_EventID_77_trace8,[124028]
p_picks_Exp_T020_Run5_Traces_EventID_77_trace9,[123738]
p_picks_Exp_T020_Run5_Traces_EventID_78_trace1,[124366]
p_picks_Exp_T020_Run5_Traces_EventID_78_trace2,[124010]
p_picks_Exp_T020_Run5_Traces_EventID_78_trace3,[123984]
p_picks_Exp_T020_Run5_Traces_EventID_78_trace4,[123932]
p_picks_Exp_T020_Run5_Traces_EventID_78_trace5,[123984]
p_picks_Exp_T020_Run5_Traces_EventID_78_trace6,[123884]
p_picks_Exp_T020_Run5_Traces_EventID_78_trace7,[123984]
p_picks_Exp_T020_Run5_Traces_EventID_78_trace8,[124029]
p_picks_Exp_T020_Run5_Traces_EventID_78_trace9,[123775]
p_picks_Exp_T020_Run5_Traces_EventID_79_trace1,[124349]
p_picks_Exp_T020_Run5_Traces_EventID_79_trace2,[124049]
p_picks_Exp_T020_Run5_Traces_EventID_79_trace3,[124232]
p_picks_Exp_T020_Run5_Traces_EventID_79_trace4,[123934]
p_picks_Exp_T020_Run5_Traces_EventID_79_trace5,[123924]
p_picks_Exp_T020_Run5_Traces_EventID_79_trace6,[123982]
p_picks_Exp_T020_Run5_Traces_EventID_79_trace7,[124011]
p_picks_Exp_T020_Run5_Traces_EventID_79_trace8,[124020]
p_picks_Exp_T020_Run5_Traces_EventID_79_trace9,[123770]
p_picks_Exp_T020_Run5_Traces_EventID_80_trace1,[124377]
p_picks_Exp_T020_Run5_Traces_EventID_80_trace2,[124262]
p_picks_Exp_T020_Run5_Traces_EventID_80_trace3,[123955]
p_picks_Exp_T020_Run5_Traces_EventID_80_trace4,[123929]
p_picks_Exp_T020_Run5_Traces_EventID_80_trace5,[123955]
p_picks_Exp_T020_Run5_Traces_EventID_80_trace6,[124032]
p_picks_Exp_T020_Run5_Traces_EventID_80_trace7,[123929]
p_picks_Exp_T020_Run5_Traces_EventID_80_trace8,[124062]
p_picks_Exp_T020_Run5_Traces_EventID_80_trace9,[123813]
p_picks_Exp_T020_Run5_Traces_EventID_81_trace1,[124336]
p_picks_Exp_T020_Run5_Traces_EventID_81_trace2,[123868]
p_picks_Exp_T020_Run5_Traces_EventID_81_trace3,[123890]
p_picks_Exp_T020_Run5_Traces_EventID_81_trace4,[123957]
p_picks_Exp_T020_Run5_Traces_EventID_81_trace5,[123959]
p_picks_Exp_T020_Run5_Traces_EventID_81_trace6,[124045]
p_picks_Exp_T020_Run5_Traces_EventID_81_trace7,[124033]
p_picks_Exp_T020_Run5_Traces_EventID_81_trace8,[124025]
p_picks_Exp_T020_Run5_Traces_EventID_81_trace9,[123790]
p_picks_Exp_T020_Run5_Traces_EventID_82_trace1,[124360]
p_picks_Exp_T020_Run5_Traces_EventID_82_trace2,[124269]
p_picks_Exp_T020_Run5_Traces_EventID_82_trace3,[124007]
p_picks_Exp_T020_Run5_Traces_EventID_82_trace4,[123939]
p_picks_Exp_T020_Run5_Traces_EventID_82_trace5,[123976]
p_picks_Exp_T020_Run5_Traces_EventID_82_trace6,[123999]
p_picks_Exp_T020_Run5_Traces_EventID_82_trace7,[124021]
p_picks_Exp_T020_Run5_Traces_EventID_82_trace8,[124044]
p_picks_Exp_T020_Run5_Traces_EventID_82_trace9,[123793]
p_picks_Exp_T020_Run5_Traces_EventID_83_trace1,[124231]
p_picks_Exp_T020_Run5_Traces_EventID_83_trace2,[124259]
p_picks_Exp_T020_Run5_Traces_EventID_83_trace3,[124187]
p_picks_Exp_T020_Run5_Traces_EventID_83_trace4,[123943]
p_picks_Exp_T020_Run5_Traces_EventID_83_trace5,[123951]
p_picks_Exp_T020_Run5_Traces_EventID_83_trace6,[124000]
p_picks_Exp_T020_Run5_Traces_EventID_83_trace7,[124000]
p_picks_Exp_T020_Run5_Traces_EventID_83_trace8,[123976]
p_picks_Exp_T020_Run5_Traces_EventID_83_trace9,[117184]
p_picks_Exp_T020_Run5_Traces_EventID_84_trace1,[124384]
p_picks_Exp_T020_Run5_Traces_EventID_84_trace2,[124263]
p_picks_Exp_T020_Run5_Traces_EventID_84_trace3,[123870]
p_picks_Exp_T020_Run5_Traces_EventID_84_trace4,[123928]
p_picks_Exp_T020_Run5_Traces_EventID_84_trace5,[123970]
p_picks_Exp_T020_Run5_Traces_EventID_84_trace6,[123960]
p_picks_Exp_T020_Run5_Traces_EventID_84_trace7,[123999]
p_picks_Exp_T020_Run5_Traces_EventID_84_trace8,[123979]
p_picks_Exp_T020_Run5_Traces_EventID_84_trace9,[117156]
p_picks_Exp_T020_Run5_Traces_EventID_85_trace1,[124350]
p_picks_Exp_T020_Run5_Traces_EventID_85_trace2,[124405]
p_picks_Exp_T020_Run5_Traces_EventID_85_trace3,[124243]
p_picks_Exp_T020_Run5_Traces_EventID_85_trace4,[124222]
p_picks_Exp_T020_Run5_Traces_EventID_85_trace5,[123930]
p_picks_Exp_T020_Run5_Traces_EventID_85_trace6,[124016]
p_picks_Exp_T020_Run5_Traces_EventID_85_trace7,[124016]
p_picks_Exp_T020_Run5_Traces_EventID_85_trace8,[124037]
p_picks_Exp_T020_Run5_Traces_EventID_85_trace9,[117169]
p_picks_Exp_T020_Run5_Traces_EventID_86_trace1,[124372]
p_picks_Exp_T020_Run5_Traces_EventID_86_trace2,[124193]
p_picks_Exp_T020_Run5_Traces_EventID_86_trace3,[124203]
p_picks_Exp_T020_Run5_Traces_EventID_86_trace4,[124213]
p_picks_Exp_T020_Run5_Traces_EventID_86_trace5,[123924]
p_picks_Exp_T020_Run5_Traces_EventID_86_trace6,[124010]
p_picks_Exp_T020_Run5_Traces_EventID_86_trace7,[124039]
p_picks_Exp_T020_Run5_Traces_EventID_86_trace8,[124020]
p_picks_Exp_T020_Run5_Traces_EventID_86_trace9,[123760]
p_picks_Exp_T020_Run5_Traces_EventID_87_trace1,[124366]
p_picks_Exp_T020_Run5_Traces_EventID_87_trace2,[124107]
p_picks_Exp_T020_Run5_Traces_EventID_87_trace3,[123887]
p_picks_Exp_T020_Run5_Traces_EventID_87_trace4,[123953]
p_picks_Exp_T020_Run5_Traces_EventID_87_trace5,[123905]
p_picks_Exp_T020_Run5_Traces_EventID_87_trace6,[123991]
p_picks_Exp_T020_Run5_Traces_EventID_87_trace7,[124010]
p_picks_Exp_T020_Run5_Traces_EventID_87_trace8,[124020]
p_picks_Exp_T020_Run5_Traces_EventID_87_trace9,[117153]
p_picks_Exp_T020_Run5_Traces_EventID_88_trace1,[124359]
p_picks_Exp_T020_Run5_Traces_EventID_88_trace2,[123942]
p_picks_Exp_T020_Run5_Traces_EventID_88_trace3,[124269]
p_picks_Exp_T020_Run5_Traces_EventID_88_trace4,[123902]
p_picks_Exp_T020_Run5_Traces_EventID_88_trace5,[123905]
p_picks_Exp_T020_Run5_Traces_EventID_88_trace6,[123829]
p_picks_Exp_T020_Run5_Traces_EventID_88_trace7,[123988]
p_picks_Exp_T020_Run5_Traces_EventID_88_trace8,[123986]
p_picks_Exp_T020_Run5_Traces_EventID_88_trace9,[117142]
p_picks_Exp_T020_Run5_Traces_EventID_89_trace1,[124364]
p_picks_Exp_T020_Run5_Traces_EventID_89_trace2,[124376]
p_picks_Exp_T020_Run5_Traces_EventID_89_trace3,[124388]
p_picks_Exp_T020_Run5_Traces_EventID_89_trace4,[124220]
p_picks_Exp_T020_Run5_Traces_EventID_89_trace5,[123986]
p_picks_Exp_T020_Run5_Traces_EventID_89_trace6,[124004]
p_picks_Exp_T020_Run5_Traces_EventID_89_trace7,[123977]
p_picks_Exp_T020_Run5_Traces_EventID_89_trace8,[123992]
p_picks_Exp_T020_Run5_Traces_EventID_89_trace9,[117156]
p_picks_Exp_T020_Run5_Traces_EventID_90_trace1,[124390]
p_picks_Exp_T020_Run5_Traces_EventID_90_trace2,[124378]
p_picks_Exp_T020_Run5_Traces_EventID_90_trace3,[124227]
p_picks_Exp_T020_Run5_Traces_EventID_90_trace4,[124212]
p_picks_Exp_T020_Run5_Traces_EventID_90_trace5,[123941]
p_picks_Exp_T020_Run5_Traces_EventID_90_trace6,[123981]
p_picks_Exp_T020_Run5_Traces_EventID_90_trace7,[123989]
p_picks_Exp_T020_Run5_Traces_EventID_90_trace8,[124021]
p_picks_Exp_T020_Run5_Traces_EventID_90_trace9,[117183]
p_picks_Exp_T020_Run5_Traces_EventID_91_trace1,[124379]
p_picks_Exp_T020_Run5_Traces_EventID_91_trace2,[124394]
p_picks_Exp_T020_Run5_Traces_EventID_91_trace3,[124042]
p_picks_Exp_T020_Run5_Traces_EventID_91_trace4,[123965]
p_picks_Exp_T020_Run5_Traces_EventID_91_trace5,[123941]
p_picks_Exp_T020_Run5_Traces_EventID_91_trace6,[123957]
p_picks_Exp_T020_Run5_Traces_EventID_91_trace7,[124033]
p_picks_Exp_T020_Run5_Traces_EventID_91_trace8,[124021]
p_picks_Exp_T020_Run5_Traces_EventID_91_trace9,[117183]
p_picks_Exp_T020_Run5_Traces_EventID_92_trace1,[124363]
p_picks_Exp_T020_Run5_Traces_EventID_92_trace2,[124371]
p_picks_Exp_T020_Run5_Traces_EventID_92_trace3,[124331]
p_picks_Exp_T020_Run5_Traces_EventID_92_trace4,[124212]
p_picks_Exp_T020_Run5_Traces_EventID_92_trace5,[123902]
p_picks_Exp_T020_Run5_Traces_EventID_92_trace6,[123938]
p_picks_Exp_T020_Run5_Traces_EventID_92_trace7,[124013]
p_picks_Exp_T020_Run5_Traces_EventID_92_trace8,[124021]
p_picks_Exp_T020_Run5_Traces_EventID_92_trace9,[117175]
p_picks_Exp_T020_Run5_Traces_EventID_93_trace1,[124353]
p_picks_Exp_T020_Run5_Traces_EventID_93_trace2,[124394]
p_picks_Exp_T020_Run5_Traces_EventID_93_trace3,[124000]
p_picks_Exp_T020_Run5_Traces_EventID_93_trace4,[124186]
p_picks_Exp_T020_Run5_Traces_EventID_93_trace5,[123905]
p_picks_Exp_T020_Run5_Traces_EventID_93_trace6,[123988]
p_picks_Exp_T020_Run5_Traces_EventID_93_trace7,[123999]
p_picks_Exp_T020_Run5_Traces_EventID_93_trace8,[123988]
p_picks_Exp_T020_Run5_Traces_EventID_93_trace9,[117164]
p_picks_Exp_T020_Run5_Traces_EventID_94_trace1,[124389]
p_picks_Exp_T020_Run5_Traces_EventID_94_trace2,[124379]
p_picks_Exp_T020_Run5_Traces_EventID_94_trace3,[124437]
p_picks_Exp_T020_Run5_Traces_EventID_94_trace4,[124206]
p_picks_Exp_T020_Run5_Traces_EventID_94_trace5,[124187]
p_picks_Exp_T020_Run5_Traces_EventID_94_trace6,[123965]
p_picks_Exp_T020_Run5_Traces_EventID_94_trace7,[124023]
p_picks_Exp_T020_Run5_Traces_EventID_94_trace8,[124004]
p_picks_Exp_T020_Run5_Traces_EventID_94_trace9,[117147]
p_picks_Exp_T020_Run5_Traces_EventID_95_trace1,[124399]
p_picks_Exp_T020_Run5_Traces_EventID_95_trace2,[124363]
p_picks_Exp_T020_Run5_Traces_EventID_95_trace3,[124375]
p_picks_Exp_T020_Run5_Traces_EventID_95_trace4,[124411]
p_picks_Exp_T020_Run5_Traces_EventID_95_trace5,[124195]
p_picks_Exp_T020_Run5_Traces_EventID_95_trace6,[123991]
p_picks_Exp_T020_Run5_Traces_EventID_95_trace7,[123978]
p_picks_Exp_T020_Run5_Traces_EventID_95_trace8,[123978]
p_picks_Exp_T020_Run5_Traces_EventID_95_trace9,[117128]
p_picks_Exp_T020_Run5_Traces_EventID_96_trace1,[124382]
p_picks_Exp_T020_Run5_Traces_EventID_96_trace2,[124398]
p_picks_Exp_T020_Run5_Traces_EventID_96_trace3,[124398]
p_picks_Exp_T020_Run5_Traces_EventID_96_trace4,[124336]
p_picks_Exp_T020_Run5_Traces_EventID_96_trace5,[124330]
p_picks_Exp_T020_Run5_Traces_EventID_96_trace6,[124281]
p_picks_Exp_T020_Run5_Traces_EventID_96_trace7,[124305]
p_picks_Exp_T020_Run5_Traces_EventID_96_trace8,[124017]
p_picks_Exp_T020_Run5_Traces_EventID_96_trace9,[117164]
p_picks_Exp_T020_Run5_Traces_EventID_97_trace1,[124422]
p_picks_Exp_T020_Run5_Traces_EventID_97_trace2,[124416]
p_picks_Exp_T020_Run5_Traces_EventID_97_trace3,[124422]
p_picks_Exp_T020_Run5_Traces_EventID_97_trace4,[124416]
p_picks_Exp_T020_Run5_Traces_EventID_97_trace5,[124552]
p_picks_Exp_T020_Run5_Traces_EventID_97_trace6,[123998]
p_picks_Exp_T020_Run5_Traces_EventID_97_trace7,[124035]
p_picks_Exp_T020_Run5_Traces_EventID_97_trace8,[124009]
p_picks_Exp_T020_Run5_Traces_EventID_97_trace9,[117148]
p_picks_Exp_T020_Run5_Traces_EventID_98_trace1,[124395]
p_picks_Exp_T020_Run5_Traces_EventID_98_trace2,[124407]
p_picks_Exp_T020_Run5_Traces_EventID_98_trace3,[124432]
p_picks_Exp_T020_Run5_Traces_EventID_98_trace4,[124383]
p_picks_Exp_T020_Run5_Traces_EventID_98_trace5,[124229]
p_picks_Exp_T020_Run5_Traces_EventID_98_trace6,[123937]
p_picks_Exp_T020_Run5_Traces_EventID_98_trace7,[124044]
p_picks_Exp_T020_Run5_Traces_EventID_98_trace8,[123992]
p_picks_Exp_T020_Run5_Traces_EventID_98_trace9,[117139]
p_picks_Exp_T020_Run5_Traces_EventID_99_trace1,[124417]
p_picks_Exp_T020_Run5_Traces_EventID_99_trace2,[124388]
p_picks_Exp_T020_Run5_Traces_EventID_99_trace3,[124379]
p_picks_Exp_T020_Run5_Traces_EventID_99_trace4,[124388]
p_picks_Exp_T020_Run5_Traces_EventID_99_trace5,[124235]
p_picks_Exp_T020_Run5_Traces_EventID_99_trace6,[124263]
p_picks_Exp_T020_Run5_Traces_EventID_99_trace7,[123968]
p_picks_Exp_T020_Run5_Traces_EventID_99_trace8,[124032]
p_picks_Exp_T020_Run5_Traces_EventID_99_trace9,[117172]
